-- MySQL dump 10.13  Distrib 5.7.27, for Linux (x86_64)
--
-- Host: localhost    Database: finalproj_atm
-- ------------------------------------------------------
-- Server version	5.7.27-0ubuntu0.16.04.1

/*!40101 SET @OLD_CHARACTER_SET_CLIENT=@@CHARACTER_SET_CLIENT */;
/*!40101 SET @OLD_CHARACTER_SET_RESULTS=@@CHARACTER_SET_RESULTS */;
/*!40101 SET @OLD_COLLATION_CONNECTION=@@COLLATION_CONNECTION */;
/*!40101 SET NAMES utf8 */;
/*!40103 SET @OLD_TIME_ZONE=@@TIME_ZONE */;
/*!40103 SET TIME_ZONE='+00:00' */;
/*!40014 SET @OLD_UNIQUE_CHECKS=@@UNIQUE_CHECKS, UNIQUE_CHECKS=0 */;
/*!40014 SET @OLD_FOREIGN_KEY_CHECKS=@@FOREIGN_KEY_CHECKS, FOREIGN_KEY_CHECKS=0 */;
/*!40101 SET @OLD_SQL_MODE=@@SQL_MODE, SQL_MODE='NO_AUTO_VALUE_ON_ZERO' */;
/*!40111 SET @OLD_SQL_NOTES=@@SQL_NOTES, SQL_NOTES=0 */;

--
-- Table structure for table `auth_group`
--

DROP TABLE IF EXISTS `auth_group`;
/*!40101 SET @saved_cs_client     = @@character_set_client */;
/*!40101 SET character_set_client = utf8 */;
CREATE TABLE `auth_group` (
  `id` int(11) NOT NULL AUTO_INCREMENT,
  `name` varchar(150) NOT NULL,
  PRIMARY KEY (`id`),
  UNIQUE KEY `name` (`name`)
) ENGINE=InnoDB AUTO_INCREMENT=5 DEFAULT CHARSET=latin1;
/*!40101 SET character_set_client = @saved_cs_client */;

--
-- Dumping data for table `auth_group`
--

LOCK TABLES `auth_group` WRITE;
/*!40000 ALTER TABLE `auth_group` DISABLE KEYS */;
INSERT INTO `auth_group` VALUES (4,'Admin'),(1,'Doctor'),(2,'Patient'),(3,'Pharmacist');
/*!40000 ALTER TABLE `auth_group` ENABLE KEYS */;
UNLOCK TABLES;

--
-- Table structure for table `auth_group_permissions`
--

DROP TABLE IF EXISTS `auth_group_permissions`;
/*!40101 SET @saved_cs_client     = @@character_set_client */;
/*!40101 SET character_set_client = utf8 */;
CREATE TABLE `auth_group_permissions` (
  `id` int(11) NOT NULL AUTO_INCREMENT,
  `group_id` int(11) NOT NULL,
  `permission_id` int(11) NOT NULL,
  PRIMARY KEY (`id`),
  UNIQUE KEY `auth_group_permissions_group_id_permission_id_0cd325b0_uniq` (`group_id`,`permission_id`),
  KEY `auth_group_permissio_permission_id_84c5c92e_fk_auth_perm` (`permission_id`),
  CONSTRAINT `auth_group_permissio_permission_id_84c5c92e_fk_auth_perm` FOREIGN KEY (`permission_id`) REFERENCES `auth_permission` (`id`),
  CONSTRAINT `auth_group_permissions_group_id_b120cbf9_fk_auth_group_id` FOREIGN KEY (`group_id`) REFERENCES `auth_group` (`id`)
) ENGINE=InnoDB AUTO_INCREMENT=105 DEFAULT CHARSET=latin1;
/*!40101 SET character_set_client = @saved_cs_client */;

--
-- Dumping data for table `auth_group_permissions`
--

LOCK TABLES `auth_group_permissions` WRITE;
/*!40000 ALTER TABLE `auth_group_permissions` DISABLE KEYS */;
INSERT INTO `auth_group_permissions` VALUES (2,1,1),(3,1,2),(5,1,4),(7,1,8),(8,1,9),(10,1,12),(16,1,13),(17,1,16),(15,1,17),(18,1,20),(19,1,24),(20,1,28),(78,1,29),(77,1,32),(6,1,36),(9,1,41),(85,1,42),(14,1,44),(11,1,45),(12,1,46),(92,1,48),(93,1,49),(94,1,50),(95,1,52),(13,1,60),(1,1,64),(79,1,65),(80,1,66),(81,1,67),(4,1,68),(82,1,69),(83,1,70),(84,1,71),(76,1,72),(87,1,73),(88,1,74),(89,1,75),(86,1,76),(97,1,77),(98,1,78),(99,1,79),(96,1,80),(22,2,4),(24,2,12),(27,2,20),(25,2,44),(26,2,48),(28,2,60),(21,2,68),(23,2,72),(31,3,2),(35,3,4),(34,3,5),(37,3,8),(40,3,16),(41,3,20),(43,3,21),(48,3,24),(47,3,29),(32,3,32),(30,3,33),(36,3,36),(38,3,40),(74,3,49),(104,3,50),(75,3,52),(42,3,53),(44,3,56),(45,3,57),(46,3,60),(29,3,64),(33,3,68),(39,3,72),(90,3,74),(91,3,76),(100,3,77),(101,3,78),(102,3,79),(103,3,80),(49,4,12),(50,4,16),(51,4,20),(52,4,24),(53,4,28),(54,4,32),(55,4,36),(56,4,40),(57,4,44),(58,4,52),(59,4,56),(60,4,60),(61,4,61),(62,4,64),(63,4,65),(64,4,66),(65,4,67),(66,4,68),(67,4,69),(68,4,70),(69,4,71),(70,4,72),(71,4,85),(72,4,87),(73,4,88);
/*!40000 ALTER TABLE `auth_group_permissions` ENABLE KEYS */;
UNLOCK TABLES;

--
-- Table structure for table `auth_permission`
--

DROP TABLE IF EXISTS `auth_permission`;
/*!40101 SET @saved_cs_client     = @@character_set_client */;
/*!40101 SET character_set_client = utf8 */;
CREATE TABLE `auth_permission` (
  `id` int(11) NOT NULL AUTO_INCREMENT,
  `name` varchar(255) NOT NULL,
  `content_type_id` int(11) NOT NULL,
  `codename` varchar(100) NOT NULL,
  PRIMARY KEY (`id`),
  UNIQUE KEY `auth_permission_content_type_id_codename_01ab375a_uniq` (`content_type_id`,`codename`),
  CONSTRAINT `auth_permission_content_type_id_2f476e4b_fk_django_co` FOREIGN KEY (`content_type_id`) REFERENCES `django_content_type` (`id`)
) ENGINE=InnoDB AUTO_INCREMENT=105 DEFAULT CHARSET=latin1;
/*!40101 SET character_set_client = @saved_cs_client */;

--
-- Dumping data for table `auth_permission`
--

LOCK TABLES `auth_permission` WRITE;
/*!40000 ALTER TABLE `auth_permission` DISABLE KEYS */;
INSERT INTO `auth_permission` VALUES (1,'Can add log entry',1,'add_logentry'),(2,'Can change log entry',1,'change_logentry'),(3,'Can delete log entry',1,'delete_logentry'),(4,'Can view log entry',1,'view_logentry'),(5,'Can add permission',2,'add_permission'),(6,'Can change permission',2,'change_permission'),(7,'Can delete permission',2,'delete_permission'),(8,'Can view permission',2,'view_permission'),(9,'Can add group',3,'add_group'),(10,'Can change group',3,'change_group'),(11,'Can delete group',3,'delete_group'),(12,'Can view group',3,'view_group'),(13,'Can add user',4,'add_user'),(14,'Can change user',4,'change_user'),(15,'Can delete user',4,'delete_user'),(16,'Can view user',4,'view_user'),(17,'Can add content type',5,'add_contenttype'),(18,'Can change content type',5,'change_contenttype'),(19,'Can delete content type',5,'delete_contenttype'),(20,'Can view content type',5,'view_contenttype'),(21,'Can add session',6,'add_session'),(22,'Can change session',6,'change_session'),(23,'Can delete session',6,'delete_session'),(24,'Can view session',6,'view_session'),(25,'Can add empanelled firm',7,'add_empanelledfirm'),(26,'Can change empanelled firm',7,'change_empanelledfirm'),(27,'Can delete empanelled firm',7,'delete_empanelledfirm'),(28,'Can view empanelled firm',7,'view_empanelledfirm'),(29,'Can add feedback',8,'add_feedback'),(30,'Can change feedback',8,'change_feedback'),(31,'Can delete feedback',8,'delete_feedback'),(32,'Can view feedback',8,'view_feedback'),(33,'Can add health centre staff',9,'add_healthcentrestaff'),(34,'Can change health centre staff',9,'change_healthcentrestaff'),(35,'Can delete health centre staff',9,'delete_healthcentrestaff'),(36,'Can view health centre staff',9,'view_healthcentrestaff'),(37,'Can add individual record',10,'add_individualrecord'),(38,'Can change individual record',10,'change_individualrecord'),(39,'Can delete individual record',10,'delete_individualrecord'),(40,'Can view individual record',10,'view_individualrecord'),(41,'Can add medicine',11,'add_medicine'),(42,'Can change medicine',11,'change_medicine'),(43,'Can delete medicine',11,'delete_medicine'),(44,'Can view medicine',11,'view_medicine'),(45,'Can add patient record',12,'add_patientrecord'),(46,'Can change patient record',12,'change_patientrecord'),(47,'Can delete patient record',12,'delete_patientrecord'),(48,'Can view patient record',12,'view_patientrecord'),(49,'Can add prescription',13,'add_prescription'),(50,'Can change prescription',13,'change_prescription'),(51,'Can delete prescription',13,'delete_prescription'),(52,'Can view prescription',13,'view_prescription'),(53,'Can add requisition',14,'add_requisition'),(54,'Can change requisition',14,'change_requisition'),(55,'Can delete requisition',14,'delete_requisition'),(56,'Can view requisition',14,'view_requisition'),(57,'Can add stock',15,'add_stock'),(58,'Can change stock',15,'change_stock'),(59,'Can delete stock',15,'delete_stock'),(60,'Can view stock',15,'view_stock'),(61,'Can add student record',16,'add_studentrecord'),(62,'Can change student record',16,'change_studentrecord'),(63,'Can delete student record',16,'delete_studentrecord'),(64,'Can view student record',16,'view_studentrecord'),(65,'Can add stock medicine',17,'add_stockmedicine'),(66,'Can change stock medicine',17,'change_stockmedicine'),(67,'Can delete stock medicine',17,'delete_stockmedicine'),(68,'Can view stock medicine',17,'view_stockmedicine'),(69,'Can add requisition medicine',18,'add_requisitionmedicine'),(70,'Can change requisition medicine',18,'change_requisitionmedicine'),(71,'Can delete requisition medicine',18,'delete_requisitionmedicine'),(72,'Can view requisition medicine',18,'view_requisitionmedicine'),(73,'Can add recommended test',19,'add_recommendedtest'),(74,'Can change recommended test',19,'change_recommendedtest'),(75,'Can delete recommended test',19,'delete_recommendedtest'),(76,'Can view recommended test',19,'view_recommendedtest'),(77,'Can add medicine issue',20,'add_medicineissue'),(78,'Can change medicine issue',20,'change_medicineissue'),(79,'Can delete medicine issue',20,'delete_medicineissue'),(80,'Can view medicine issue',20,'view_medicineissue'),(81,'Can add health centre staff contact',21,'add_healthcentrestaffcontact'),(82,'Can change health centre staff contact',21,'change_healthcentrestaffcontact'),(83,'Can delete health centre staff contact',21,'delete_healthcentrestaffcontact'),(84,'Can view health centre staff contact',21,'view_healthcentrestaffcontact'),(85,'Can add follow up report',22,'add_followupreport'),(86,'Can change follow up report',22,'change_followupreport'),(87,'Can delete follow up report',22,'delete_followupreport'),(88,'Can view follow up report',22,'view_followupreport'),(89,'Can add doctor requisition proposal',23,'add_doctorrequisitionproposal'),(90,'Can change doctor requisition proposal',23,'change_doctorrequisitionproposal'),(91,'Can delete doctor requisition proposal',23,'delete_doctorrequisitionproposal'),(92,'Can view doctor requisition proposal',23,'view_doctorrequisitionproposal'),(93,'Can add disposed medicine',24,'add_disposedmedicine'),(94,'Can change disposed medicine',24,'change_disposedmedicine'),(95,'Can delete disposed medicine',24,'delete_disposedmedicine'),(96,'Can view disposed medicine',24,'view_disposedmedicine'),(97,'Can add dependant',25,'add_dependant'),(98,'Can change dependant',25,'change_dependant'),(99,'Can delete dependant',25,'delete_dependant'),(100,'Can view dependant',25,'view_dependant'),(101,'Can add composition',26,'add_composition'),(102,'Can change composition',26,'change_composition'),(103,'Can delete composition',26,'delete_composition'),(104,'Can view composition',26,'view_composition');
/*!40000 ALTER TABLE `auth_permission` ENABLE KEYS */;
UNLOCK TABLES;

--
-- Table structure for table `auth_user`
--

DROP TABLE IF EXISTS `auth_user`;
/*!40101 SET @saved_cs_client     = @@character_set_client */;
/*!40101 SET character_set_client = utf8 */;
CREATE TABLE `auth_user` (
  `id` int(11) NOT NULL AUTO_INCREMENT,
  `password` varchar(128) NOT NULL,
  `last_login` datetime(6) DEFAULT NULL,
  `is_superuser` tinyint(1) NOT NULL,
  `username` varchar(150) NOT NULL,
  `first_name` varchar(30) NOT NULL,
  `last_name` varchar(150) NOT NULL,
  `email` varchar(254) NOT NULL,
  `is_staff` tinyint(1) NOT NULL,
  `is_active` tinyint(1) NOT NULL,
  `date_joined` datetime(6) NOT NULL,
  PRIMARY KEY (`id`),
  UNIQUE KEY `username` (`username`)
) ENGINE=InnoDB AUTO_INCREMENT=17 DEFAULT CHARSET=latin1;
/*!40101 SET character_set_client = @saved_cs_client */;

--
-- Dumping data for table `auth_user`
--

LOCK TABLES `auth_user` WRITE;
/*!40000 ALTER TABLE `auth_user` DISABLE KEYS */;
INSERT INTO `auth_user` VALUES (1,'pbkdf2_sha256$150000$FaPRUzqadzyH$utLp1s/xrNv04BSiHTRiuw2Al/ypVJFMnW3E7y+KcP4=','2019-10-22 06:51:14.304406',1,'manjit','','','',1,1,'2019-10-14 09:11:11.000000'),(6,'pbkdf2_sha256$150000$OLUBHg0h62nA$Gp+w/ymdGKbjWRM5vKMA7hANYfWqVt0PfUQhIP6oqeY=','2019-10-21 05:42:16.532708',0,'ban_cha','','','',0,1,'2019-09-01 07:43:04.000000'),(7,'pbkdf2_sha256$150000$nls92tNyjAFF$0FuFohk+Xwf5k+6wJVa+IWzNAwQfrJSf9l5Zzm9+H/8=','2019-09-01 09:23:56.394963',0,'sub_bha','','','',0,1,'2019-09-01 09:13:23.000000'),(8,'pbkdf2_sha256$150000$uWz9xvfwTvQh$XYrgbUynS4vobuN7SDQLZ+35b5w1P7761lN0vohIO9w=',NULL,0,'arr_las','','','',0,1,'2019-09-01 09:13:49.000000'),(9,'pbkdf2_sha256$150000$fzi9oMBxbOq2$15P+9q6iLrFKq8GdTdQrbRQcbLgSxHTGWoil6wX7s6M=',NULL,0,'sum_deb','','','',0,1,'2019-09-01 09:14:20.000000'),(10,'pbkdf2_sha256$150000$VS10o7STD0zq$5hPqGXix0XLpIPY1zxOKOWuEe72o8wHamq33b2QaniI=',NULL,0,'sri_sam','','','',0,1,'2019-09-01 09:15:01.000000'),(11,'pbkdf2_sha256$150000$feO3syx8E6kS$GuWPZfJZZ1bgvw5PBNrjDHdbzgfCNf6GkYNKEKho3Q8=','2019-10-15 05:53:04.071910',0,'san_ban','','','',0,1,'2019-09-01 09:15:32.000000'),(12,'pbkdf2_sha256$150000$DknhxG1iA8mZ$yU0h0/aN0xFmDHlzQLsLc8phmY1VmoOZIGkQHtm86HE=',NULL,0,'shi_nat','','','',0,1,'2019-09-01 09:16:03.000000'),(13,'pbkdf2_sha256$150000$dxfPaGgFhrrX$UUZ36GDKGrrulYj9+k6pfLxtgAT+At6ANctvXNS1ZTo=',NULL,0,'mon_aki','','','',0,1,'2019-09-01 09:16:27.000000'),(14,'pbkdf2_sha256$150000$E2u6jBBHSTjA$QxKHjl2z4750NM9kzhwv7xLrquNVaiImEpLLigp4kyc=',NULL,0,'dee_roy','','','',0,1,'2019-09-01 09:16:55.000000'),(16,'pbkdf2_sha256$150000$kgJFjrkztAOn$yR+Q+FuXp0oA5OGf1f2nx58JyLl9JacIAW3dvf/JRzc=','2019-09-26 18:15:12.703259',1,'atma','','','',1,1,'2019-09-24 18:28:31.157938');
/*!40000 ALTER TABLE `auth_user` ENABLE KEYS */;
UNLOCK TABLES;

--
-- Table structure for table `auth_user_groups`
--

DROP TABLE IF EXISTS `auth_user_groups`;
/*!40101 SET @saved_cs_client     = @@character_set_client */;
/*!40101 SET character_set_client = utf8 */;
CREATE TABLE `auth_user_groups` (
  `id` int(11) NOT NULL AUTO_INCREMENT,
  `user_id` int(11) NOT NULL,
  `group_id` int(11) NOT NULL,
  PRIMARY KEY (`id`),
  UNIQUE KEY `auth_user_groups_user_id_group_id_94350c0c_uniq` (`user_id`,`group_id`),
  KEY `auth_user_groups_group_id_97559544_fk_auth_group_id` (`group_id`),
  CONSTRAINT `auth_user_groups_group_id_97559544_fk_auth_group_id` FOREIGN KEY (`group_id`) REFERENCES `auth_group` (`id`),
  CONSTRAINT `auth_user_groups_user_id_6a12ed8b_fk_auth_user_id` FOREIGN KEY (`user_id`) REFERENCES `auth_user` (`id`)
) ENGINE=InnoDB AUTO_INCREMENT=7 DEFAULT CHARSET=latin1;
/*!40101 SET character_set_client = @saved_cs_client */;

--
-- Dumping data for table `auth_user_groups`
--

LOCK TABLES `auth_user_groups` WRITE;
/*!40000 ALTER TABLE `auth_user_groups` DISABLE KEYS */;
INSERT INTO `auth_user_groups` VALUES (1,6,1),(2,7,1),(3,8,1),(4,9,1),(5,10,3),(6,11,3);
/*!40000 ALTER TABLE `auth_user_groups` ENABLE KEYS */;
UNLOCK TABLES;

--
-- Table structure for table `auth_user_user_permissions`
--

DROP TABLE IF EXISTS `auth_user_user_permissions`;
/*!40101 SET @saved_cs_client     = @@character_set_client */;
/*!40101 SET character_set_client = utf8 */;
CREATE TABLE `auth_user_user_permissions` (
  `id` int(11) NOT NULL AUTO_INCREMENT,
  `user_id` int(11) NOT NULL,
  `permission_id` int(11) NOT NULL,
  PRIMARY KEY (`id`),
  UNIQUE KEY `auth_user_user_permissions_user_id_permission_id_14a6b632_uniq` (`user_id`,`permission_id`),
  KEY `auth_user_user_permi_permission_id_1fbb5f2c_fk_auth_perm` (`permission_id`),
  CONSTRAINT `auth_user_user_permi_permission_id_1fbb5f2c_fk_auth_perm` FOREIGN KEY (`permission_id`) REFERENCES `auth_permission` (`id`),
  CONSTRAINT `auth_user_user_permissions_user_id_a95ead1b_fk_auth_user_id` FOREIGN KEY (`user_id`) REFERENCES `auth_user` (`id`)
) ENGINE=InnoDB DEFAULT CHARSET=latin1;
/*!40101 SET character_set_client = @saved_cs_client */;

--
-- Dumping data for table `auth_user_user_permissions`
--

LOCK TABLES `auth_user_user_permissions` WRITE;
/*!40000 ALTER TABLE `auth_user_user_permissions` DISABLE KEYS */;
/*!40000 ALTER TABLE `auth_user_user_permissions` ENABLE KEYS */;
UNLOCK TABLES;

--
-- Table structure for table `django_admin_log`
--

DROP TABLE IF EXISTS `django_admin_log`;
/*!40101 SET @saved_cs_client     = @@character_set_client */;
/*!40101 SET character_set_client = utf8 */;
CREATE TABLE `django_admin_log` (
  `id` int(11) NOT NULL AUTO_INCREMENT,
  `action_time` datetime(6) NOT NULL,
  `object_id` longtext,
  `object_repr` varchar(200) NOT NULL,
  `action_flag` smallint(5) unsigned NOT NULL,
  `change_message` longtext NOT NULL,
  `content_type_id` int(11) DEFAULT NULL,
  `user_id` int(11) NOT NULL,
  PRIMARY KEY (`id`),
  KEY `django_admin_log_content_type_id_c4bce8eb_fk_django_co` (`content_type_id`),
  KEY `django_admin_log_user_id_c564eba6_fk_auth_user_id` (`user_id`),
  CONSTRAINT `django_admin_log_content_type_id_c4bce8eb_fk_django_co` FOREIGN KEY (`content_type_id`) REFERENCES `django_content_type` (`id`),
  CONSTRAINT `django_admin_log_user_id_c564eba6_fk_auth_user_id` FOREIGN KEY (`user_id`) REFERENCES `auth_user` (`id`)
) ENGINE=InnoDB AUTO_INCREMENT=26 DEFAULT CHARSET=latin1;
/*!40101 SET character_set_client = @saved_cs_client */;

--
-- Dumping data for table `django_admin_log`
--

LOCK TABLES `django_admin_log` WRITE;
/*!40000 ALTER TABLE `django_admin_log` DISABLE KEYS */;
INSERT INTO `django_admin_log` VALUES (1,'2019-10-14 10:06:47.418184','1','manjit',2,'[{\"changed\": {\"fields\": [\"groups\"]}}]',4,1),(2,'2019-10-14 10:09:23.887886','1','Doctor',2,'[{\"changed\": {\"fields\": [\"permissions\"]}}]',3,1),(3,'2019-10-14 10:17:22.785155','6','ban_cha',2,'[{\"changed\": {\"fields\": [\"password\"]}}]',4,1),(4,'2019-10-14 10:20:21.847612','6','ban_cha',2,'[{\"changed\": {\"fields\": [\"groups\"]}}]',4,1),(5,'2019-10-14 10:20:28.694011','6','ban_cha',2,'[{\"changed\": {\"fields\": [\"groups\"]}}]',4,1),(6,'2019-10-14 10:20:43.686459','6','ban_cha',2,'[{\"changed\": {\"fields\": [\"groups\"]}}]',4,1),(7,'2019-10-14 10:22:52.637199','6','ban_cha',2,'[{\"changed\": {\"fields\": [\"groups\"]}}]',4,1),(8,'2019-10-14 10:26:19.738659','1','manjit',2,'[{\"changed\": {\"fields\": [\"groups\"]}}]',4,1),(9,'2019-10-15 05:34:37.062684','1','Doctor',2,'[{\"changed\": {\"fields\": [\"permissions\"]}}]',3,1),(10,'2019-10-15 05:37:53.987245','1','Doctor',2,'[{\"changed\": {\"fields\": [\"permissions\"]}}]',3,1),(11,'2019-10-15 05:43:31.247066','1','Doctor',2,'[{\"changed\": {\"fields\": [\"permissions\"]}}]',3,1),(12,'2019-10-15 05:49:36.553486','11','san_ban',2,'[{\"changed\": {\"fields\": [\"password\"]}}]',4,1),(13,'2019-10-15 05:51:03.462875','3','Pharmacist',2,'[{\"changed\": {\"fields\": [\"permissions\"]}}]',3,1),(14,'2019-10-15 05:52:34.782929','1003','1003',2,'[{\"changed\": {\"name\": \"medicine issue\", \"object\": \"506\", \"fields\": [\"medicine_quantity\"]}}]',13,1),(15,'2019-10-15 05:53:43.704487','1003','1003',2,'[{\"changed\": {\"name\": \"medicine issue\", \"object\": \"100\", \"fields\": [\"medicine_id\"]}}]',13,1),(16,'2019-10-21 10:23:11.810909','9090','9090',1,'[{\"added\": {}}]',14,1),(17,'2019-10-21 10:24:24.762744','9090','9090',2,'[{\"changed\": {\"fields\": [\"date_of_approval\"]}}]',14,1),(18,'2019-10-21 10:24:40.074197','1','10',1,'[{\"added\": {}}]',18,1),(19,'2019-10-22 06:57:20.279349','1','103',2,'[{\"changed\": {\"fields\": [\"medicine_id\", \"issue_status\"]}}]',20,1),(20,'2019-10-22 06:57:59.711289','1','109',2,'[{\"changed\": {\"fields\": [\"medicine_id\", \"issue_status\"]}}]',20,1),(21,'2019-10-22 06:59:27.924123','1003','1003',2,'[]',13,1),(22,'2019-10-22 06:59:28.004968','1003','1003',2,'[]',13,1),(23,'2019-10-22 06:59:28.124815','1003','1003',2,'[]',13,1),(24,'2019-10-22 06:59:28.214400','1003','1003',2,'[]',13,1),(25,'2019-10-22 06:59:28.300921','1003','1003',2,'[]',13,1);
/*!40000 ALTER TABLE `django_admin_log` ENABLE KEYS */;
UNLOCK TABLES;

--
-- Table structure for table `django_content_type`
--

DROP TABLE IF EXISTS `django_content_type`;
/*!40101 SET @saved_cs_client     = @@character_set_client */;
/*!40101 SET character_set_client = utf8 */;
CREATE TABLE `django_content_type` (
  `id` int(11) NOT NULL AUTO_INCREMENT,
  `app_label` varchar(100) NOT NULL,
  `model` varchar(100) NOT NULL,
  PRIMARY KEY (`id`),
  UNIQUE KEY `django_content_type_app_label_model_76bd3d3b_uniq` (`app_label`,`model`)
) ENGINE=InnoDB AUTO_INCREMENT=27 DEFAULT CHARSET=latin1;
/*!40101 SET character_set_client = @saved_cs_client */;

--
-- Dumping data for table `django_content_type`
--

LOCK TABLES `django_content_type` WRITE;
/*!40000 ALTER TABLE `django_content_type` DISABLE KEYS */;
INSERT INTO `django_content_type` VALUES (1,'admin','logentry'),(3,'auth','group'),(2,'auth','permission'),(4,'auth','user'),(5,'contenttypes','contenttype'),(26,'doctor','composition'),(25,'doctor','dependant'),(24,'doctor','disposedmedicine'),(23,'doctor','doctorrequisitionproposal'),(7,'doctor','empanelledfirm'),(8,'doctor','feedback'),(22,'doctor','followupreport'),(9,'doctor','healthcentrestaff'),(21,'doctor','healthcentrestaffcontact'),(10,'doctor','individualrecord'),(11,'doctor','medicine'),(20,'doctor','medicineissue'),(12,'doctor','patientrecord'),(13,'doctor','prescription'),(19,'doctor','recommendedtest'),(14,'doctor','requisition'),(18,'doctor','requisitionmedicine'),(15,'doctor','stock'),(17,'doctor','stockmedicine'),(16,'doctor','studentrecord'),(6,'sessions','session');
/*!40000 ALTER TABLE `django_content_type` ENABLE KEYS */;
UNLOCK TABLES;

--
-- Table structure for table `django_migrations`
--

DROP TABLE IF EXISTS `django_migrations`;
/*!40101 SET @saved_cs_client     = @@character_set_client */;
/*!40101 SET character_set_client = utf8 */;
CREATE TABLE `django_migrations` (
  `id` int(11) NOT NULL AUTO_INCREMENT,
  `app` varchar(255) NOT NULL,
  `name` varchar(255) NOT NULL,
  `applied` datetime(6) NOT NULL,
  PRIMARY KEY (`id`)
) ENGINE=InnoDB AUTO_INCREMENT=27 DEFAULT CHARSET=latin1;
/*!40101 SET character_set_client = @saved_cs_client */;

--
-- Dumping data for table `django_migrations`
--

LOCK TABLES `django_migrations` WRITE;
/*!40000 ALTER TABLE `django_migrations` DISABLE KEYS */;
INSERT INTO `django_migrations` VALUES (1,'contenttypes','0001_initial','2019-10-14 09:08:06.057570'),(2,'auth','0001_initial','2019-10-14 09:08:07.265722'),(3,'admin','0001_initial','2019-10-14 09:08:11.824722'),(4,'admin','0002_logentry_remove_auto_add','2019-10-14 09:08:12.801125'),(5,'admin','0003_logentry_add_action_flag_choices','2019-10-14 09:08:12.835253'),(6,'contenttypes','0002_remove_content_type_name','2019-10-14 09:08:13.529474'),(7,'auth','0002_alter_permission_name_max_length','2019-10-14 09:08:13.605062'),(8,'auth','0003_alter_user_email_max_length','2019-10-14 09:08:13.687432'),(9,'auth','0004_alter_user_username_opts','2019-10-14 09:08:13.717185'),(10,'auth','0005_alter_user_last_login_null','2019-10-14 09:08:14.078298'),(11,'auth','0006_require_contenttypes_0002','2019-10-14 09:08:14.103242'),(12,'auth','0007_alter_validators_add_error_messages','2019-10-14 09:08:14.133417'),(13,'auth','0008_alter_user_username_max_length','2019-10-14 09:08:14.220590'),(14,'auth','0009_alter_user_last_name_max_length','2019-10-14 09:08:14.302916'),(15,'auth','0010_alter_group_name_max_length','2019-10-14 09:08:14.386611'),(16,'auth','0011_update_proxy_permissions','2019-10-14 09:08:14.416875'),(17,'doctor','0001_initial','2019-10-14 09:08:18.980702'),(18,'doctor','0002_auto_20190922_1333','2019-10-14 09:08:41.292022'),(19,'doctor','0003_auto_20190922_1337','2019-10-14 09:08:45.743079'),(20,'doctor','0004_auto_20190922_1442','2019-10-14 09:08:58.017086'),(21,'doctor','0005_auto_20190925_0021','2019-10-14 09:08:58.587127'),(22,'doctor','0006_auto_20190925_1350','2019-10-14 09:08:58.616654'),(23,'doctor','0007_auto_20190925_1351','2019-10-14 09:08:59.020109'),(24,'doctor','0008_auto_20190925_2107','2019-10-14 09:08:59.588920'),(25,'doctor','0009_auto_20191014_0907','2019-10-14 09:08:59.678536'),(26,'sessions','0001_initial','2019-10-14 09:08:59.897216');
/*!40000 ALTER TABLE `django_migrations` ENABLE KEYS */;
UNLOCK TABLES;

--
-- Table structure for table `django_session`
--

DROP TABLE IF EXISTS `django_session`;
/*!40101 SET @saved_cs_client     = @@character_set_client */;
/*!40101 SET character_set_client = utf8 */;
CREATE TABLE `django_session` (
  `session_key` varchar(40) NOT NULL,
  `session_data` longtext NOT NULL,
  `expire_date` datetime(6) NOT NULL,
  PRIMARY KEY (`session_key`),
  KEY `django_session_expire_date_a5c62663` (`expire_date`)
) ENGINE=InnoDB DEFAULT CHARSET=latin1;
/*!40101 SET character_set_client = @saved_cs_client */;

--
-- Dumping data for table `django_session`
--

LOCK TABLES `django_session` WRITE;
/*!40000 ALTER TABLE `django_session` DISABLE KEYS */;
INSERT INTO `django_session` VALUES ('66jckcg41cwhs891c176mx9n0pbj45mw','NmU5MTU0MTk3MzM1NTQ2YWUxZTkzNDhkZDZhN2YzOWQ2YzA2NjI3YTp7Il9hdXRoX3VzZXJfaWQiOiIxIiwiX2F1dGhfdXNlcl9iYWNrZW5kIjoiZGphbmdvLmNvbnRyaWIuYXV0aC5iYWNrZW5kcy5Nb2RlbEJhY2tlbmQiLCJfYXV0aF91c2VyX2hhc2giOiI1YWUzNTQyNGU4YWU5MzFiZmRjZDg3YTcxODI5ZGM4Y2RmMGRmZTBmIn0=','2019-11-04 06:48:25.406426'),('c7eq5c8oqubp99dzgll57m4fxbk2imi0','NmU5MTU0MTk3MzM1NTQ2YWUxZTkzNDhkZDZhN2YzOWQ2YzA2NjI3YTp7Il9hdXRoX3VzZXJfaWQiOiIxIiwiX2F1dGhfdXNlcl9iYWNrZW5kIjoiZGphbmdvLmNvbnRyaWIuYXV0aC5iYWNrZW5kcy5Nb2RlbEJhY2tlbmQiLCJfYXV0aF91c2VyX2hhc2giOiI1YWUzNTQyNGU4YWU5MzFiZmRjZDg3YTcxODI5ZGM4Y2RmMGRmZTBmIn0=','2019-10-31 04:44:03.268223'),('dbl5boz3w2vewwh0r25s5x70gb9h3kkr','NmU5MTU0MTk3MzM1NTQ2YWUxZTkzNDhkZDZhN2YzOWQ2YzA2NjI3YTp7Il9hdXRoX3VzZXJfaWQiOiIxIiwiX2F1dGhfdXNlcl9iYWNrZW5kIjoiZGphbmdvLmNvbnRyaWIuYXV0aC5iYWNrZW5kcy5Nb2RlbEJhY2tlbmQiLCJfYXV0aF91c2VyX2hhc2giOiI1YWUzNTQyNGU4YWU5MzFiZmRjZDg3YTcxODI5ZGM4Y2RmMGRmZTBmIn0=','2019-11-05 06:51:14.388759'),('hvlapceufylatsbaql4pdhanv37g4zwe','NmU5MTU0MTk3MzM1NTQ2YWUxZTkzNDhkZDZhN2YzOWQ2YzA2NjI3YTp7Il9hdXRoX3VzZXJfaWQiOiIxIiwiX2F1dGhfdXNlcl9iYWNrZW5kIjoiZGphbmdvLmNvbnRyaWIuYXV0aC5iYWNrZW5kcy5Nb2RlbEJhY2tlbmQiLCJfYXV0aF91c2VyX2hhc2giOiI1YWUzNTQyNGU4YWU5MzFiZmRjZDg3YTcxODI5ZGM4Y2RmMGRmZTBmIn0=','2019-10-31 04:42:46.198233'),('o9rlquhrz4tyma5o11vdduaqolk4tqd3','NmU5MTU0MTk3MzM1NTQ2YWUxZTkzNDhkZDZhN2YzOWQ2YzA2NjI3YTp7Il9hdXRoX3VzZXJfaWQiOiIxIiwiX2F1dGhfdXNlcl9iYWNrZW5kIjoiZGphbmdvLmNvbnRyaWIuYXV0aC5iYWNrZW5kcy5Nb2RlbEJhY2tlbmQiLCJfYXV0aF91c2VyX2hhc2giOiI1YWUzNTQyNGU4YWU5MzFiZmRjZDg3YTcxODI5ZGM4Y2RmMGRmZTBmIn0=','2019-11-04 06:33:17.177307'),('qcub9rd2vs5wd01imuo46qow3dh36ks0','NmU5MTU0MTk3MzM1NTQ2YWUxZTkzNDhkZDZhN2YzOWQ2YzA2NjI3YTp7Il9hdXRoX3VzZXJfaWQiOiIxIiwiX2F1dGhfdXNlcl9iYWNrZW5kIjoiZGphbmdvLmNvbnRyaWIuYXV0aC5iYWNrZW5kcy5Nb2RlbEJhY2tlbmQiLCJfYXV0aF91c2VyX2hhc2giOiI1YWUzNTQyNGU4YWU5MzFiZmRjZDg3YTcxODI5ZGM4Y2RmMGRmZTBmIn0=','2019-10-31 05:30:44.489640'),('qeifrz3444sxd4q09b56x0ovyai74rd8','NmU5MTU0MTk3MzM1NTQ2YWUxZTkzNDhkZDZhN2YzOWQ2YzA2NjI3YTp7Il9hdXRoX3VzZXJfaWQiOiIxIiwiX2F1dGhfdXNlcl9iYWNrZW5kIjoiZGphbmdvLmNvbnRyaWIuYXV0aC5iYWNrZW5kcy5Nb2RlbEJhY2tlbmQiLCJfYXV0aF91c2VyX2hhc2giOiI1YWUzNTQyNGU4YWU5MzFiZmRjZDg3YTcxODI5ZGM4Y2RmMGRmZTBmIn0=','2019-10-28 10:26:46.083836'),('qjh1dmm099t70r5rltm1g10pxxmsi4fq','YjJmYzBkNDZkOWMwZjE1MjNkMzk0ZWQxNjMzYTgzYWU3N2U1MmMzZTp7Il9hdXRoX3VzZXJfaWQiOiI2IiwiX2F1dGhfdXNlcl9iYWNrZW5kIjoiZGphbmdvLmNvbnRyaWIuYXV0aC5iYWNrZW5kcy5Nb2RlbEJhY2tlbmQiLCJfYXV0aF91c2VyX2hhc2giOiJjMmFiNmIyMjY0ODlhYTg2ZDIxMTdkMWE4YWEzM2MyYjE2YjJjNmZkIn0=','2019-10-29 05:59:35.649862'),('votljbudfsr7huv2vwfejm57ksag3p3g','NGJmNjQwMzc5YWM3YzIxZjU4NjIxYjRhYmQ4YjIwYjA2ZTA3ZWEwMzp7Il9hdXRoX3VzZXJfaWQiOiIxMSIsIl9hdXRoX3VzZXJfYmFja2VuZCI6ImRqYW5nby5jb250cmliLmF1dGguYmFja2VuZHMuTW9kZWxCYWNrZW5kIiwiX2F1dGhfdXNlcl9oYXNoIjoiNmEyZDA1ZjM1ZTNjOGRlOWY2MWIwM2VkOTFmYzA0MDIyMzBlNjExMiJ9','2019-10-29 05:53:04.146226'),('vpa2n7fop7f5r0t0llcerrmu3zuuye0w','NmU5MTU0MTk3MzM1NTQ2YWUxZTkzNDhkZDZhN2YzOWQ2YzA2NjI3YTp7Il9hdXRoX3VzZXJfaWQiOiIxIiwiX2F1dGhfdXNlcl9iYWNrZW5kIjoiZGphbmdvLmNvbnRyaWIuYXV0aC5iYWNrZW5kcy5Nb2RlbEJhY2tlbmQiLCJfYXV0aF91c2VyX2hhc2giOiI1YWUzNTQyNGU4YWU5MzFiZmRjZDg3YTcxODI5ZGM4Y2RmMGRmZTBmIn0=','2019-10-31 05:23:37.164139');
/*!40000 ALTER TABLE `django_session` ENABLE KEYS */;
UNLOCK TABLES;

--
-- Table structure for table `doctor_composition`
--

DROP TABLE IF EXISTS `doctor_composition`;
/*!40101 SET @saved_cs_client     = @@character_set_client */;
/*!40101 SET character_set_client = utf8 */;
CREATE TABLE `doctor_composition` (
  `id` int(11) NOT NULL AUTO_INCREMENT,
  `primary_ingredient` varchar(50) NOT NULL,
  `medicine_id_id` varchar(20) NOT NULL,
  PRIMARY KEY (`id`),
  KEY `doctor_composition_medicine_id_id_9063ef74_fk_doctor_me` (`medicine_id_id`),
  CONSTRAINT `doctor_composition_medicine_id_id_9063ef74_fk_doctor_me` FOREIGN KEY (`medicine_id_id`) REFERENCES `doctor_medicine` (`medicine_id`)
) ENGINE=InnoDB DEFAULT CHARSET=latin1;
/*!40101 SET character_set_client = @saved_cs_client */;

--
-- Dumping data for table `doctor_composition`
--

LOCK TABLES `doctor_composition` WRITE;
/*!40000 ALTER TABLE `doctor_composition` DISABLE KEYS */;
/*!40000 ALTER TABLE `doctor_composition` ENABLE KEYS */;
UNLOCK TABLES;

--
-- Table structure for table `doctor_dependant`
--

DROP TABLE IF EXISTS `doctor_dependant`;
/*!40101 SET @saved_cs_client     = @@character_set_client */;
/*!40101 SET character_set_client = utf8 */;
CREATE TABLE `doctor_dependant` (
  `id` int(11) NOT NULL AUTO_INCREMENT,
  `name` varchar(50) NOT NULL,
  `date_of_birth` date NOT NULL,
  `relation_with_person` varchar(20) NOT NULL,
  `person_id_id` varchar(20) NOT NULL,
  PRIMARY KEY (`id`),
  KEY `doctor_dependant_person_id_id_063fb4fa_fk_doctor_in` (`person_id_id`),
  CONSTRAINT `doctor_dependant_person_id_id_063fb4fa_fk_doctor_in` FOREIGN KEY (`person_id_id`) REFERENCES `doctor_individualrecord` (`person_id`)
) ENGINE=InnoDB DEFAULT CHARSET=latin1;
/*!40101 SET character_set_client = @saved_cs_client */;

--
-- Dumping data for table `doctor_dependant`
--

LOCK TABLES `doctor_dependant` WRITE;
/*!40000 ALTER TABLE `doctor_dependant` DISABLE KEYS */;
/*!40000 ALTER TABLE `doctor_dependant` ENABLE KEYS */;
UNLOCK TABLES;

--
-- Table structure for table `doctor_disposedmedicine`
--

DROP TABLE IF EXISTS `doctor_disposedmedicine`;
/*!40101 SET @saved_cs_client     = @@character_set_client */;
/*!40101 SET character_set_client = utf8 */;
CREATE TABLE `doctor_disposedmedicine` (
  `id` int(11) NOT NULL AUTO_INCREMENT,
  `reason` longtext NOT NULL,
  `quantity` int(11) NOT NULL,
  `date` date NOT NULL,
  `batch_no_id` varchar(20) NOT NULL,
  `medicine_id_id` varchar(20) NOT NULL,
  PRIMARY KEY (`id`),
  KEY `doctor_disposedmedic_batch_no_id_f0bc1dc6_fk_doctor_re` (`batch_no_id`),
  KEY `doctor_disposedmedic_medicine_id_id_deaaa6b6_fk_doctor_me` (`medicine_id_id`),
  CONSTRAINT `doctor_disposedmedic_batch_no_id_f0bc1dc6_fk_doctor_re` FOREIGN KEY (`batch_no_id`) REFERENCES `doctor_requisition` (`requisition_id`),
  CONSTRAINT `doctor_disposedmedic_medicine_id_id_deaaa6b6_fk_doctor_me` FOREIGN KEY (`medicine_id_id`) REFERENCES `doctor_medicine` (`medicine_id`)
) ENGINE=InnoDB DEFAULT CHARSET=latin1;
/*!40101 SET character_set_client = @saved_cs_client */;

--
-- Dumping data for table `doctor_disposedmedicine`
--

LOCK TABLES `doctor_disposedmedicine` WRITE;
/*!40000 ALTER TABLE `doctor_disposedmedicine` DISABLE KEYS */;
/*!40000 ALTER TABLE `doctor_disposedmedicine` ENABLE KEYS */;
UNLOCK TABLES;

--
-- Table structure for table `doctor_doctorrequisitionproposal`
--

DROP TABLE IF EXISTS `doctor_doctorrequisitionproposal`;
/*!40101 SET @saved_cs_client     = @@character_set_client */;
/*!40101 SET character_set_client = utf8 */;
CREATE TABLE `doctor_doctorrequisitionproposal` (
  `id` int(11) NOT NULL AUTO_INCREMENT,
  `quantity` int(11) NOT NULL,
  `staff_id` varchar(50) NOT NULL,
  `medicine_id_id` varchar(20) NOT NULL,
  `requisition_id_id` varchar(20) NOT NULL,
  PRIMARY KEY (`id`),
  KEY `doctor_doctorrequisi_staff_id_6f2d5c93_fk_doctor_he` (`staff_id`),
  KEY `doctor_doctorrequisi_medicine_id_id_9b4013fe_fk_doctor_me` (`medicine_id_id`),
  KEY `doctor_doctorrequisi_requisition_id_id_4eb3ef90_fk_doctor_re` (`requisition_id_id`),
  CONSTRAINT `doctor_doctorrequisi_medicine_id_id_9b4013fe_fk_doctor_me` FOREIGN KEY (`medicine_id_id`) REFERENCES `doctor_medicine` (`medicine_id`),
  CONSTRAINT `doctor_doctorrequisi_requisition_id_id_4eb3ef90_fk_doctor_re` FOREIGN KEY (`requisition_id_id`) REFERENCES `doctor_requisition` (`requisition_id`),
  CONSTRAINT `doctor_doctorrequisi_staff_id_6f2d5c93_fk_doctor_he` FOREIGN KEY (`staff_id`) REFERENCES `doctor_healthcentrestaff` (`staff_id`)
) ENGINE=InnoDB DEFAULT CHARSET=latin1;
/*!40101 SET character_set_client = @saved_cs_client */;

--
-- Dumping data for table `doctor_doctorrequisitionproposal`
--

LOCK TABLES `doctor_doctorrequisitionproposal` WRITE;
/*!40000 ALTER TABLE `doctor_doctorrequisitionproposal` DISABLE KEYS */;
/*!40000 ALTER TABLE `doctor_doctorrequisitionproposal` ENABLE KEYS */;
UNLOCK TABLES;

--
-- Table structure for table `doctor_empanelledfirm`
--

DROP TABLE IF EXISTS `doctor_empanelledfirm`;
/*!40101 SET @saved_cs_client     = @@character_set_client */;
/*!40101 SET character_set_client = utf8 */;
CREATE TABLE `doctor_empanelledfirm` (
  `firm_id` varchar(20) NOT NULL,
  `firm_name` varchar(50) NOT NULL,
  `firm_email` varchar(254) NOT NULL,
  `firm_phone` varchar(10) NOT NULL,
  PRIMARY KEY (`firm_id`)
) ENGINE=InnoDB DEFAULT CHARSET=latin1;
/*!40101 SET character_set_client = @saved_cs_client */;

--
-- Dumping data for table `doctor_empanelledfirm`
--

LOCK TABLES `doctor_empanelledfirm` WRITE;
/*!40000 ALTER TABLE `doctor_empanelledfirm` DISABLE KEYS */;
INSERT INTO `doctor_empanelledfirm` VALUES ('1','Drugs and Surgical Mart, RadhaMadhab Rd, Silchar-5','','0000000000'),('10','Care Medicos, NS Avenue, Silchar-5','','0000000000'),('11','Balaji Dent-O-Lab','','0000000000'),('12','Deys Medical Store, Club Road, Silchar-5','','0000000000'),('13','Ramshubha Medical Centre, Silchar-5','','0'),('14','Swarupananda Medical Hall, Silchar','','0'),('15','Segma Sales, Shillongpatty, Silchar-5','','0'),('16','Jyotirmoyee Drugs, Silchar-5','','0'),('18','Medi Traders, Shillonpatty, Silchar-5','','0'),('19','Shibaji Drugs, Ambicapatty, Silchar','','0'),('2','Rubika Commercial Enterprise, Silchar-5','','0000000000'),('20','Suna Medical Hall, Fakirtilla, Silchar-10','','0'),('21','Pharma Syndicate, Ambicapatty, Silchar-4','','0'),('22','Maloti Drug Distributors, Rangirkhari, Silchar-5','','0'),('23','Mumit Life Care, Malugram, Silchar-2','','0'),('24','M/s N.K. Medicos, Premtala, Silchar-4','','0'),('25','Nightingale Medicare, Meherpur, Silchar-15','','0'),('26','Radharaman Enterprise, Silchar-5','','0'),('27','Central Medical Stores, Club road, Silchar-1','','0'),('28','J.K. Enterprise, Hospital Road, Silchar-1','','0'),('29','New Maa Durga Drugs, Silchar-4','','0'),('3','M/s A A Enterprise, Silchar-5','','0000000000'),('30','M/s Jeevan Jyoti Medicos, Silchar-6','','0'),('31','Kamrup Medical Distributors, Rehabari, Guwahati','','0'),('32','Annapurna Medical Hall, Ghungoor, Silchar-14','','0'),('5','S.R Pharmaceuticals, Hospital Rd., Silchar','','0000000000'),('51','Annapurna Drug House','','0'),('52','M/S Ghosh Enterprise','','0'),('53','Bharat Drugs & Surgical','','0'),('54','M/s Nalini Distributors','','0'),('55','Gitanjali Drugs','','0'),('57','Padmawati Drugs & Surgical','','0'),('58','Dipti Medicos','','0'),('59','Good Health Medicos','','0'),('6','Medi Link, Rangirkhari, Silchar-5','','0000000000'),('60','Lokenath Medicos, Hailakandi','','0'),('61','Sadhana Medicos, Silchar','','0'),('62','M/S Aditya Drugs, Jail Road, Silchar','','0'),('7','Basmati Drugs, SMCH Point','','0000000000'),('8','M/s Chandra Drug Distributors, Silchar','','0000000000'),('9','Satyam Medico, NIT Point, Silchar','','0000000000');
/*!40000 ALTER TABLE `doctor_empanelledfirm` ENABLE KEYS */;
UNLOCK TABLES;

--
-- Table structure for table `doctor_feedback`
--

DROP TABLE IF EXISTS `doctor_feedback`;
/*!40101 SET @saved_cs_client     = @@character_set_client */;
/*!40101 SET character_set_client = utf8 */;
CREATE TABLE `doctor_feedback` (
  `id` int(11) NOT NULL AUTO_INCREMENT,
  `user` varchar(254) NOT NULL,
  `feedback` longtext NOT NULL,
  PRIMARY KEY (`id`)
) ENGINE=InnoDB DEFAULT CHARSET=latin1;
/*!40101 SET character_set_client = @saved_cs_client */;

--
-- Dumping data for table `doctor_feedback`
--

LOCK TABLES `doctor_feedback` WRITE;
/*!40000 ALTER TABLE `doctor_feedback` DISABLE KEYS */;
/*!40000 ALTER TABLE `doctor_feedback` ENABLE KEYS */;
UNLOCK TABLES;

--
-- Table structure for table `doctor_followupreport`
--

DROP TABLE IF EXISTS `doctor_followupreport`;
/*!40101 SET @saved_cs_client     = @@character_set_client */;
/*!40101 SET character_set_client = utf8 */;
CREATE TABLE `doctor_followupreport` (
  `id` int(11) NOT NULL AUTO_INCREMENT,
  `follow_up_date` date NOT NULL,
  `present` tinyint(1) NOT NULL,
  `cured` tinyint(1) NOT NULL,
  `furthercomments` longtext NOT NULL,
  `person_id` int(11) NOT NULL,
  PRIMARY KEY (`id`),
  KEY `doctor_followuprepor_person_id_ab3f4760_fk_doctor_pa` (`person_id`),
  CONSTRAINT `doctor_followuprepor_person_id_ab3f4760_fk_doctor_pa` FOREIGN KEY (`person_id`) REFERENCES `doctor_patientrecord` (`id`)
) ENGINE=InnoDB DEFAULT CHARSET=latin1;
/*!40101 SET character_set_client = @saved_cs_client */;

--
-- Dumping data for table `doctor_followupreport`
--

LOCK TABLES `doctor_followupreport` WRITE;
/*!40000 ALTER TABLE `doctor_followupreport` DISABLE KEYS */;
/*!40000 ALTER TABLE `doctor_followupreport` ENABLE KEYS */;
UNLOCK TABLES;

--
-- Table structure for table `doctor_healthcentrestaff`
--

DROP TABLE IF EXISTS `doctor_healthcentrestaff`;
/*!40101 SET @saved_cs_client     = @@character_set_client */;
/*!40101 SET character_set_client = utf8 */;
CREATE TABLE `doctor_healthcentrestaff` (
  `staff_id` varchar(50) NOT NULL,
  `staff_name` varchar(200) NOT NULL,
  `staff_type` varchar(2) NOT NULL,
  `staff_address` longtext NOT NULL,
  `availability_from` varchar(4) NOT NULL,
  `availability_to` varchar(4) NOT NULL,
  `user_id_id` int(11) NOT NULL,
  PRIMARY KEY (`staff_id`),
  KEY `doctor_healthcentrestaff_user_id_id_756cbc2a_fk_auth_user_id` (`user_id_id`),
  CONSTRAINT `doctor_healthcentrestaff_user_id_id_756cbc2a_fk_auth_user_id` FOREIGN KEY (`user_id_id`) REFERENCES `auth_user` (`id`)
) ENGINE=InnoDB DEFAULT CHARSET=latin1;
/*!40101 SET character_set_client = @saved_cs_client */;

--
-- Dumping data for table `doctor_healthcentrestaff`
--

LOCK TABLES `doctor_healthcentrestaff` WRITE;
/*!40000 ALTER TABLE `doctor_healthcentrestaff` DISABLE KEYS */;
INSERT INTO `doctor_healthcentrestaff` VALUES ('1001','Banibrata Chakraborty','DR','NA','9000','1700',6),('1002','Sanjit Banik','PR','NIT Silchar','9000','1700',11);
/*!40000 ALTER TABLE `doctor_healthcentrestaff` ENABLE KEYS */;
UNLOCK TABLES;

--
-- Table structure for table `doctor_healthcentrestaffcontact`
--

DROP TABLE IF EXISTS `doctor_healthcentrestaffcontact`;
/*!40101 SET @saved_cs_client     = @@character_set_client */;
/*!40101 SET character_set_client = utf8 */;
CREATE TABLE `doctor_healthcentrestaffcontact` (
  `id` int(11) NOT NULL AUTO_INCREMENT,
  `staff_phone_no` varchar(10) NOT NULL,
  `staff_email_id` varchar(254) NOT NULL,
  `staff_id_id` varchar(50) NOT NULL,
  PRIMARY KEY (`id`),
  KEY `doctor_healthcentres_staff_id_id_9710e6b2_fk_doctor_he` (`staff_id_id`),
  CONSTRAINT `doctor_healthcentres_staff_id_id_9710e6b2_fk_doctor_he` FOREIGN KEY (`staff_id_id`) REFERENCES `doctor_healthcentrestaff` (`staff_id`)
) ENGINE=InnoDB DEFAULT CHARSET=latin1;
/*!40101 SET character_set_client = @saved_cs_client */;

--
-- Dumping data for table `doctor_healthcentrestaffcontact`
--

LOCK TABLES `doctor_healthcentrestaffcontact` WRITE;
/*!40000 ALTER TABLE `doctor_healthcentrestaffcontact` DISABLE KEYS */;
/*!40000 ALTER TABLE `doctor_healthcentrestaffcontact` ENABLE KEYS */;
UNLOCK TABLES;

--
-- Table structure for table `doctor_individualrecord`
--

DROP TABLE IF EXISTS `doctor_individualrecord`;
/*!40101 SET @saved_cs_client     = @@character_set_client */;
/*!40101 SET character_set_client = utf8 */;
CREATE TABLE `doctor_individualrecord` (
  `person_id` varchar(20) NOT NULL,
  `name` varchar(50) NOT NULL,
  `category` varchar(10) NOT NULL,
  `password` varchar(20) NOT NULL,
  `date_of_birth` date NOT NULL,
  `date_of_joining` date NOT NULL,
  `date_of_leaving` date NOT NULL,
  PRIMARY KEY (`person_id`)
) ENGINE=InnoDB DEFAULT CHARSET=latin1;
/*!40101 SET character_set_client = @saved_cs_client */;

--
-- Dumping data for table `doctor_individualrecord`
--

LOCK TABLES `doctor_individualrecord` WRITE;
/*!40000 ALTER TABLE `doctor_individualrecord` DISABLE KEYS */;
/*!40000 ALTER TABLE `doctor_individualrecord` ENABLE KEYS */;
UNLOCK TABLES;

--
-- Table structure for table `doctor_medicine`
--

DROP TABLE IF EXISTS `doctor_medicine`;
/*!40101 SET @saved_cs_client     = @@character_set_client */;
/*!40101 SET character_set_client = utf8 */;
CREATE TABLE `doctor_medicine` (
  `medicine_id` varchar(20) NOT NULL,
  `medicine_name` varchar(50) NOT NULL,
  `manufacturing_company` varchar(50) NOT NULL,
  `quantity` int(11) NOT NULL,
  `category` varchar(100) NOT NULL,
  PRIMARY KEY (`medicine_id`)
) ENGINE=InnoDB DEFAULT CHARSET=latin1;
/*!40101 SET character_set_client = @saved_cs_client */;

--
-- Dumping data for table `doctor_medicine`
--

LOCK TABLES `doctor_medicine` WRITE;
/*!40000 ALTER TABLE `doctor_medicine` DISABLE KEYS */;
INSERT INTO `doctor_medicine` VALUES ('10','Limcee 500','xx',1303,'TB'),('100','Metrogyl 200','XX',1005,'TB'),('1001','Paracetamol','Meghami Group',100,'TB'),('1002','Gloeye','Zee Group',100,'TB'),('101','Caldrox','zzz',0,'SR'),('102','Corcium Plus','zzz',0,'TB'),('103','Botropase','zzz',0,'IN'),('1035','Brahmi Vati','XX',0,'TB'),('104','Botroclot Topial','zzz',0,'OT'),('105','Botrostat 250mg','zzz',0,'TB'),('106','Acivir 200DT','zzz',0,'TB'),('107','Acivir 400DT','zzz',0,'TB'),('108','Breefen 400','zz',0,'TB'),('109','Cefpodan CV','zz',0,'TB'),('11','Oocitol','xx',0,'TB'),('110','Augpen 625','z',0,'TB'),('111','Augpen HS','z',0,'SR'),('112','Ascoril SF','zz',0,'SR'),('113','Adtrol Plus','z',0,'CA'),('114','Antoxid','z',0,'CA'),('115','Aztro ASP-75','z',0,'TB'),('116','Betaseptic','z',0,'SO'),('117','Betaseptic','z',0,'GA'),('118','Cetiriz','z',0,'TB'),('119','Betrisol','z',0,'IN'),('12','Ecosprin75','xx',0,'TB'),('120','Candibiotic EYE DROPS','z',0,'OT'),('121','Ark Gel','z',0,'OT'),('122','Buscogest','z',0,'IN'),('123','Candiderma','z',0,'OT'),('124','Atorvastatin 5mg','z',0,'TB'),('125','Ecosprin 75','z',0,'TB'),('126','Euzyme','z',0,'SR'),('127','Emigo 4mg','z',0,'TB'),('128','Faa-20','z',0,'TB'),('129','Disp. Syringe 3CC','z',0,'OT'),('13','Theo-Asthalin','xx',0,'TB'),('130','Diclomol SP','z',0,'TB'),('131','Evict. Soln','z',0,'SR'),('132','Flexiglim 0.5mg','z',0,'TB'),('133','Diclonac','z',0,'IN'),('134','Drip Set','z',0,'OT'),('135','Face mask','z',0,'OT'),('136','Dexona','z',0,'IN'),('137','Doxcef CV','z',0,'TB'),('138','Antoxid','z',0,'CA'),('139','Flucos 150','z',0,'TB'),('14','Avil 25','xx',1170,'TB'),('141','Emigo','z',0,'IN'),('142','Clectorbion','XX',0,'PO'),('143','Erbimesh Cream','XX',0,'OT'),('144','Glycoseptol Gargle M/W','XX',0,'GA'),('145','Glycoseptol-C','XX',0,'SO'),('146','Istamet 50/500','XX',0,'TB'),('147','Glycomet GP2','XX',0,'TB'),('148','Honey Alpha','XX',0,'CA'),('149','Hexidin M/W','XX',0,'GA'),('15','Calpol 500','xx',1770,'SR'),('150','Hexidin M/W','XX',0,'GA'),('151','Hifenac-D','XX',0,'TB'),('152','Glycomet 500mg','XX',0,'TB'),('153','Glycinorm M-60','XX',0,'TB'),('154','Glycinorm M-30','XX',0,'TB'),('155','Galvus Met 50/1000','XX',0,'TB'),('156','Hand wash','XX',0,'SO'),('157','Hand sanitiser','XX',0,'SO'),('158','Hifenac P','XX',0,'TB'),('159','Hatric 5','XX',0,'TB'),('16','Fenceta','xx',2010,'TB'),('160','Mextra Plain','XX',0,'SR'),('161','LOX 2% Anaesthetic (Xylocane)','XX',0,'IN'),('162','Lignox 2% ADR','XX',0,'IN'),('163','K-Nat','XX',0,'IN'),('164','Krimson-35','XX',0,'TB'),('165','Lezyncet','XX',0,'TB'),('166','Mobizox','XX',0,'TB'),('167','Macuchek','XX',0,'CA'),('168','Lycostar','XX',0,'TB'),('169','Mextra Cold','XX',0,'TB'),('17','Zinetac 150','xx',3000,'TB'),('170','L-Cin 500','XX',0,'TB'),('171','Lavita 5 mg','XX',0,'TB'),('172','Lupituss','XX',0,'SR'),('173','Lazine 5mg','XX',0,'TB'),('174','Lasma- LC','XX',0,'TB'),('175','Learapp 5mg','XX',0,'TB'),('176','KastL-5','XX',0,'SR'),('177','Limcee-500','XX',0,'TB'),('178','Meganano Gel','XX',0,'OT'),('179','Micogent','XX',0,'OT'),('18','Olmezest 20','xx',90,'TB'),('180','Miscain Gel','XX',0,'OT'),('181','Monlina L','XX',0,'TB'),('182','Polybion SF 250ml','XX',0,'SR'),('183','Ocupol eye drop','XX',0,'OT'),('184','Ocurest AH eye drops','XX',0,'OT'),('185','Rasodon 20mg','XX',0,'TB'),('186','Rasodon DSR','XX',0,'CA'),('187','Rexidin M forte Gel','XX',0,'OT'),('188','O2','XX',0,'TB'),('189','O2H','XX',0,'TB'),('19','Aceclo Serra','xx',500,'TB'),('190','P21','XX',0,'TB'),('191','Otrivin N Drops (Adult)','XX',0,'OT'),('192','Oflox-200','XX',0,'TB'),('193','Pan IV','XX',0,'IN'),('194','Norilet O','XX',0,'TB'),('195','Otrivin N Drops (Mini)','XX',0,'OT'),('196','Pan 40','XX',0,'TB'),('197','Pan MPS','XX',0,'SR'),('198','P-250','XX',0,'TB'),('199','Oxalgin nano Gel','XX',0,'OT'),('20','Aceclo MR','xx',500,'TB'),('201','Botroclot Solution','xx',0,'TB'),('202','LIV-52-DS','xx',0,'TB'),('203','Confido','xx',0,'TB'),('204','Purim','xx',0,'TB'),('205','Diarex','xx',0,'TB'),('206','Septillin','xx',0,'TB'),('207','Lukol','xx',0,'TB'),('208','Rhumalaya Forte','xx',600,'TB'),('209','Bronchorid','xx',0,'SR'),('21','Qure 500','xx',1000,'TB'),('210','Dabur Mensta','xx',0,'SR'),('211','Pilochek','xx',0,'TB'),('212','Rheumatil','xx',0,'OI'),('213','Stresscom','xx',0,'CA'),('214','Zymnet','xx',0,'SR'),('215','Neeri','xx',0,'SR'),('216','Cephagrain','xx',0,'OT'),('217','Isabbael H Powder','xx',0,'PO'),('218','Haridra Khanda','xx',0,'TB'),('219','Abhyarishta','xx',0,'SR'),('22','Emty','xx',50,'SR'),('220','Kutajaristha 450ml','xx',0,'SR'),('221','Maha Starjistha Dyarishtha 450ml','xx',0,'TB'),('222','Avipattikarchurna','xx',0,'PO'),('223','Kaishore Guggula','xx',0,'TB'),('224','Naradiya Laxmivilas Ras','xx',0,'TB'),('225','Sitopaladi Churna','xx',0,'PO'),('226','Arogyavardhini vati','xx',0,'TB'),('227','Saraswataristha','xx',0,'SR'),('228','Arjunarishta 450ml','xx',0,'SR'),('229','Ashwaganda Rishta','xx',0,'SR'),('23','Omez 20','xx',3000,'CA'),('230','Nuragin 450ml','xx',0,'SR'),('231','Adysen','xx',0,'TB'),('232','Flugen','xx',0,'TB'),('233','Digenex 450ml','xx',0,'SR'),('234','Talekt','xx',0,'TB'),('235','Eslo 2.5','XX',2010,'TB'),('236','E Tag','XX',0,'SR'),('237','Dynaper Gel','XX',0,'OT'),('238','Itrasig','XX',0,'TB'),('239','Amlokind AT','XX',0,'TB'),('24','Lasix','xx',6,'IN'),('240','Aceclo 100','XX',0,'TB'),('241','Flucold','XX',1450,'TB'),('242','Olbet CT 40','XX',0,'TB'),('243','Flagyl 200','XX',1020,'TB'),('244','Flagyl 400','XX',1620,'TB'),('245','Febustat 40','XX',0,'TB'),('246','Olkem Beta 50','XX',0,'TB'),('247','Zovirax 800','XX',0,'TB'),('248','Sufrate','XX',0,'SO'),('249','Becosules','XX',0,'CA'),('25','Deriphyllin','xx',0,'IN'),('250','Rablet 20','XX',0,'TB'),('251','Normal Saline','XX',0,'SO'),('252','Almity Plus','XX',0,'TB'),('253','Gelusil MPS','XX',1005,'TB'),('254','Digene','XX',1005,'TB'),('255','G-Folvin','XX',0,'TB'),('256','R/L Infusion','XX',0,'SO'),('257','DNS','XX',0,'SO'),('258','Deletus D','XX',0,'SR'),('259','Udiliv 300','XX',0,'TB'),('26','Wymox 500','xx',2010,'CA'),('27','Wymox 250','xx',0,'CA'),('270','Mustakarista 450ml','XX',0,'SR'),('271','Lavan Vhaskar Churna','XX',0,'PO'),('272','Talisadaya','XX',0,'PO'),('273','Manoll','XX',0,'SR'),('274','Koflet SF','XX',0,'SR'),('275','Amroid','XX',0,'TB'),('276','Ashwaganda Churna','XX',0,'PO'),('277','Dhatapustik Churna','XX',0,'PO'),('278','Amycordial','XX',0,'SR'),('28','Levolve 500','xx',0,'TB'),('29','Levolve-Z-500','xx',0,'TB'),('30','Coe HB Plus','xx',0,'CA'),('301','Chitomesh SF','XX',0,'OT'),('302','Eslo AT','XX',0,'TB'),('303','Asthalin Expectorant','XX',0,'SR'),('304','Aceclo Plus','XX',0,'TB'),('305','Defenac Gel','XX',0,'OT'),('306','Asthalin Inhaler','XX',0,'OT'),('307','Hydent K','XX',0,'OT'),('308','Caladryl Lotion','XX',0,'SO'),('309','Quadederm','XX',0,'OT'),('31','Coecoral Plus','xx',0,'CA'),('310','R25','XX',0,'TB'),('311','Praze 40','XX',0,'TB'),('312','Montec LC','XX',0,'TB'),('313','Montina-L','XX',0,'TB'),('314','Rablet - L','XX',0,'TB'),('315','Rozucor - 5','XX',0,'TB'),('316','Mupinase','XX',0,'OT'),('317','Stamlo 5mg','XX',0,'TB'),('318','Symbiotic - 500','XX',0,'CA'),('319','Soventus Jr.','XX',0,'SR'),('32','Coecoral D3','xx',0,'CA'),('320','Scaboma Lotion','XX',0,'SO'),('321','Ascabiol','XX',0,'SO'),('322','Stemlo 2.5','XX',0,'TB'),('323','Sorbacid Gel','XX',0,'SR'),('324','Surfaz SN','XX',0,'OT'),('325','Serra - D','XX',0,'TB'),('326','Serrini Nano Gel','XX',0,'OT'),('327','Glycoseptol','XX',0,'GA'),('328','Spirit','XX',0,'SO'),('329','Tet. Toxoid','XX',0,'IN'),('33','Zincovit','xx',0,'TB'),('330','Tenolol AM','XX',0,'TB'),('331','Telmo - H','XX',0,'TB'),('332','T - Bact','XX',0,'OT'),('333','Telza - 40','XX',0,'TB'),('334','Telvas - 3D','XX',0,'TB'),('335','Tenorab - 2D','XX',0,'TB'),('336','Tentum Mouthwash','XX',0,'GA'),('337','Sinarest','XX',0,'TB'),('338','Sorbitrate','XX',0,'TB'),('339','Sologel Syrup','XX',0,'SR'),('34','Tamcontin 0.4mg','xx',0,'TB'),('340','Switch - 200mg','XX',0,'TB'),('341','Switch - 100mg','XX',0,'TB'),('342','Switch - 50DT','XX',0,'TB'),('343','Thrombophob','XX',0,'OT'),('344','Tramadol','XX',0,'IN'),('345','Thermoseal Paste','XX',0,'OT'),('346','Telma - 40','XX',0,'TB'),('347','Taxim Oz','XX',0,'TB'),('348','Snake Venom Antiserum','XX',0,'IN'),('349','Zental Suspension','XX',0,'SR'),('35','C. Zyme','xx',0,'SR'),('350','Taxim \'O\' 50DT','XX',0,'TB'),('351','Taxim \'O\' 200','XX',0,'TB'),('352','Sovantus','XX',0,'SR'),('353','Sovantus - D','XX',0,'SR'),('354','Sandocal - 500','XX',0,'CA'),('355','Tramazac','XX',0,'IN'),('356','Silrox','XX',0,'CA'),('357','Silrox - L','XX',0,'SR'),('358','TVS 10','XX',0,'TB'),('359','Toothmin Toothpaste','XX',0,'OT'),('36','Dranzen-D','xx',0,'TB'),('360','Septran','XX',0,'TB'),('361','Sammy 400','XX',0,'TB'),('362','Volini Spray','XX',0,'OT'),('363','Ventorlin Inhaler','XX',0,'OT'),('364','Voveran 50mg','XX',0,'TB'),('365','Zerodol - P','XX',0,'TB'),('366','Zofer - 4mg','XX',0,'TB'),('367','Zeftil - \'O\' - 200','XX',0,'TB'),('368','Xicaine','XX',0,'IN'),('369','Voltriz M','XX',0,'TB'),('37','Vasocon','xx',0,'IN'),('370','Zoryl - 1mg','XX',0,'TB'),('371','Zincoderm','XX',0,'OT'),('372','X-Tor - 5','XX',0,'TB'),('373','Waxil Ear Drops','XX',0,'OT'),('374','Zytee Mouth Ulcer Gel','XX',0,'OT'),('375','Volini Gel','XX',0,'OT'),('376','Voveran Gel','XX',0,'OT'),('377','Wikoryl','XX',0,'TB'),('378','Zerodol SP','XX',0,'TB'),('379','Zerodol','XX',0,'TB'),('38','Evion-LC','xx',0,'CA'),('380','Zimis XT','XX',0,'SR'),('381','Zelita 7','XX',0,'CA'),('382','Zeneutra HD','XX',0,'TB'),('383','Younifloss Floss','XX',0,'OT'),('384','Vozet','XX',0,'TB'),('385','Vomino MD','XX',0,'TB'),('386','Terbina Force','XX',0,'TB'),('39','Olmezest 10','xx',0,'TB'),('40','Ezing','xx',0,'SR'),('41','Pleze Gel','xx',0,'OT'),('42','Zelfil-O-DT','xx',0,'TB'),('43','Get it','xx',0,'TB'),('435','Brahmi Vati','XX',0,'TB'),('44','Bactimax','xx',0,'OT'),('45','Flagyl Susp.','xx',0,'SR'),('46','Glycomet 250','xx',0,'TB'),('47','Actilife','xx',0,'TB'),('48','Fine Hart','xx',0,'TB'),('49','Erbinex','xx',0,'TB'),('50','Buscogest','xx',0,'TB'),('500','Cidkid','XX',0,'TB'),('501','Cidkid-M','XX',0,'TB'),('502','Silverex 10gm','XX',0,'OT'),('503','Tranostat','XX',0,'IN'),('504','Servil Cough Syp.','XX',0,'SR'),('505','Calcium Hydroxide Paste','XX',0,'DE'),('506','2% Chlorlexidine Diglu count','XX',0,'DE'),('507','Calcium Hydroxide Powder','XX',0,'DE'),('508','Diagnostic Gloves 6.5','XX',0,'DE'),('509','Composit Polishing Bars','XX',0,'DE'),('51','Metrogyl 400','XX',720,'TB'),('510','Celophane Strips','XX',0,'DE'),('511','Disposible Section Tips','XX',0,'DE'),('512','Disposible Applictor Tips','XX',0,'DE'),('513','Contra Angul Micromotor Handpice','XX',0,'DE'),('514','APF Floride Gel','XX',0,'DE'),('515','Dental Splint wire','XX',0,'DE'),('516','Coe Pack (Non engular)','XX',0,'DE'),('517','Dispsible Head Cap','XX',0,'DE'),('518','Disposible Shoe Cover','XX',0,'DE'),('519','B.P.Blade 15','XX',0,'DE'),('52','Calcirol Sachet','XX',0,'PO'),('520','Alginate','XX',0,'DE'),('521','Glass-lomomer Cement (Anterior)','XX',0,'DE'),('522','Glass-lomomer Cement (Posterior)','XX',0,'DE'),('523','EDTA','XX',0,'DE'),('524','Forma Cresol','XX',0,'DE'),('525','Hydrogen Peroxide','XX',0,'DE'),('526','Gloves','XX',0,'DE'),('527','Syringe Insuline','XX',0,'DE'),('528','GuttaPercha Points Protaper GP','XX',0,'DE'),('529','Endo Access Bar','XX',0,'DE'),('53','Moreclare 625','XX',0,'CA'),('530','Gates Gladden Drill','XX',0,'DE'),('531','Foam Tray','XX',0,'DE'),('532','Etchemt','XX',0,'DE'),('533','Cotton Intra ORAL','XX',0,'DE'),('534','GIC Type I Cement','XX',0,'DE'),('535','Light Cure Compsiteresin & Binding agent','XX',0,'DE'),('536','PRO Taper G P Points','XX',0,'DE'),('537','Matrix Band NO-8','XX',0,'DE'),('538','Tap P-250','XX',0,'DE'),('539','Normal Periosteal Elen','XX',0,'DE'),('54','Clavam 625','XX',0,'CA'),('540','Miracle Mix','XX',0,'DE'),('541','Protaper Rotatory Files','XX',0,'DE'),('542','Sterile Hemo Coagulase Botroclot soln','XX',0,'DE'),('543','Sodium Hypochloride','XX',0,'DE'),('544','Suture Needle','XX',0,'DE'),('545','Tofflemere Retainer','XX',0,'DE'),('546','Tissue paper','XX',0,'DE'),('547','Suture Needle O-3','XX',0,'DE'),('548','Sodium Hypochlorite','XX',0,'DE'),('549','Scaler tip.','XX',0,'DE'),('55','P - 500','XX',1965,'TB'),('550','Topical LA','XX',0,'DE'),('551','Rubber Dam Kit','XX',0,'DE'),('552','Rubber Dam Skeet','XX',0,'DE'),('553','Study Modk RCT Implant','XX',0,'DE'),('554','Triple Layered Face Max','XX',0,'DE'),('555','X-Ray Cover (Size-1) 500','XX',0,'DE'),('556','Zine Phospate Cement','XX',0,'DE'),('557','Zinc Oxide Powder','XX',0,'DE'),('558','Zinc Oxide Liquid','XX',0,'DE'),('559','Wooden Wadges','XX',0,'DE'),('56','Calpol 500','XX',1965,'TB'),('560','Vaseline 100gm','XX',0,'DE'),('57','Corcium D3','XX',0,'TB'),('58','Dextrose 5%','XX',0,'IN'),('59','Primacort 100mg','XX',10,'IN'),('60','Vertin 8mg','XX',0,'TB'),('601','Giloya Satva','XX',0,'TB'),('608','Dabur Nature Care','XX',0,'PO'),('61','Alprax 0.5mg','XX',0,'TB'),('62','Atocare 20','XX',0,'TB'),('63','Ecosprin 375','XX',0,'TB'),('635','Brahmi Vati','XX',0,'TB'),('638','Kutajaghana Bati','XX',0,'TB'),('64','Clopid 75mg','XX',0,'TB'),('641','Zandu Pancharista','XX',0,'SR'),('643','Sutesekhar Ras','XX',0,'SR'),('644','Dhatri Lauha','XX',0,'PO'),('647','Labangadi Vati','XX',0,'TB'),('648','Khadiradi Gutika','XX',0,'TB'),('649','Sanjavani Vati','XX',0,'TB'),('65','Sugamet MC-500','XX',0,'TB'),('654','Amlycure DS','XX',0,'SR'),('655','Cycloset','XX',0,'SR'),('656','Amyron','XX',0,'SR'),('657','Vasavaleha','XX',0,'SR'),('658','Chitra Haritaki','XX',0,'TB'),('659','Mukta Pisti','XX',0,'PO'),('66','Rosedy 5mg','XX',0,'TB'),('660','Probal Pisti','XX',0,'PO'),('661','Guduchi Satva','XX',0,'TB'),('662','Jeerakadyarishta','XX',0,'SR'),('663','Bresol','XX',0,'SR'),('664','Triphala','XX',0,'TB'),('665','Trikata','XX',0,'SR'),('666','yashtimadhu','XX',0,'TB'),('667','Tulasi','XX',0,'SR'),('668','Guduchi','XX',0,'TB'),('669','Shallaki','XX',0,'TB'),('67','Cardac - 1.25','XX',0,'TB'),('670','Shigrn','XX',0,'TB'),('671','Tagara','XX',0,'TB'),('672','Cystone','XX',0,'SR'),('673','Evecare','XX',0,'SR'),('674','Gasex','XX',0,'SR'),('675','Gasex','XX',0,'TB'),('676','Mentat','XX',0,'SR'),('677','Arshoghni Vati','XX',0,'TB'),('678','Triphala Guggulu','XX',0,'TB'),('679','Mahashankh Vati','XX',0,'TB'),('68','Rabizyl DSR','XX',0,'TB'),('680','Chitrakadi Vati','XX',0,'TB'),('681','Hingwashtaka Churna','XX',0,'PO'),('682','Kamdudha Ras','XX',0,'TB'),('683','Chandramrit Ras','XX',0,'TB'),('684','Curenext Gel','XX',0,'OT'),('685','Hiora GA','XX',0,'OT'),('686','Hiora SG','XX',0,'OT'),('687','Hiora T. Paste','XX',0,'OT'),('688','Hiora N/W','XX',0,'GA'),('689','Ashvagandha','XX',0,'TB'),('69','Misplex','XX',0,'SR'),('690','Rumalaya Liniments','XX',0,'OT'),('691','Mentat','XX',0,'TB'),('692','Maha Marichadi Tail','XX',0,'OI'),('70','Celoper SP','XX',0,'TB'),('71','Disp. Syringe 10cc','XX',0,'EQ'),('72','Clopilet A150','XX',0,'TB'),('73','Thyronorm 25mg','XX',0,'TB'),('736','Bhubaneshwar Ras','XX',0,'TB'),('74','Thyronorm 12.5mg','XX',0,'TB'),('75','Istamet 50/500mg','XX',0,'TB'),('76','Storfir-145','XX',0,'TB'),('77','Rabizyl 20','XX',0,'TB'),('78','Mocin','XX',0,'OT'),('79','Meftal Spas','XX',0,'TB'),('80','Combiflame','XX',0,'TB'),('81','Dilona forte','XX',0,'TB'),('82','Aristozyme','XX',1020,'TB'),('83','Doxycycline','XX',0,'TB'),('835','Brahmi Vati','XX',0,'TB'),('84','Metformin','XX',0,'TB'),('85','Femilon','XX',0,'TB'),('86','Corn Cap','XX',0,'OT'),('87','Dermadew Lotion','XX',0,'SO'),('88','Candid Dusting Powder','XX',0,'PO'),('89','Ketokenazole','XX',0,'SO'),('90','Anxit 0.25','XX',0,'TB'),('91','Nasivion N Spray','XX',0,'OT'),('92','Otrivin Nasal Spray','XX',200,'OT'),('93','Ark Gel','XX',0,'OT'),('94','Nise Gel','XX',0,'OT'),('95','Hexigel Gel','XX',120,'OT'),('96','Hexidine M/W','XX',250,'GA'),('97','Dispirin','XX',0,'TB'),('977','Flowable Composite','XX',0,'DE'),('98','Ciplox E/E Drops','XX',235,'SO'),('980','Zinc Phospate Cement','XX',0,'PO'),('985','Evion-400','XX',0,'CA'),('986','Romilast 10','XX',0,'TB'),('99','Cofstop-Z','XX',0,'SR'),('999','Mentone','XX',0,'SR');
/*!40000 ALTER TABLE `doctor_medicine` ENABLE KEYS */;
UNLOCK TABLES;

--
-- Table structure for table `doctor_medicineissue`
--

DROP TABLE IF EXISTS `doctor_medicineissue`;
/*!40101 SET @saved_cs_client     = @@character_set_client */;
/*!40101 SET character_set_client = utf8 */;
CREATE TABLE `doctor_medicineissue` (
  `id` int(11) NOT NULL AUTO_INCREMENT,
  `medicine_quantity` int(11) NOT NULL,
  `issue_status` tinyint(1) NOT NULL,
  `non_issue_reason` varchar(50) NOT NULL,
  `medicine_id_id` varchar(20) NOT NULL,
  `prescription_serial_no_id` varchar(50) NOT NULL,
  PRIMARY KEY (`id`),
  KEY `doctor_medicineissue_medicine_id_id_ed6c4bbc_fk_doctor_me` (`medicine_id_id`),
  KEY `doctor_medicineissue_prescription_serial__8747ba63_fk_doctor_pr` (`prescription_serial_no_id`),
  CONSTRAINT `doctor_medicineissue_medicine_id_id_ed6c4bbc_fk_doctor_me` FOREIGN KEY (`medicine_id_id`) REFERENCES `doctor_medicine` (`medicine_id`),
  CONSTRAINT `doctor_medicineissue_prescription_serial__8747ba63_fk_doctor_pr` FOREIGN KEY (`prescription_serial_no_id`) REFERENCES `doctor_prescription` (`prescription_serial_no`)
) ENGINE=InnoDB AUTO_INCREMENT=2 DEFAULT CHARSET=latin1;
/*!40101 SET character_set_client = @saved_cs_client */;

--
-- Dumping data for table `doctor_medicineissue`
--

LOCK TABLES `doctor_medicineissue` WRITE;
/*!40000 ALTER TABLE `doctor_medicineissue` DISABLE KEYS */;
INSERT INTO `doctor_medicineissue` VALUES (1,10,1,'','109','1003');
/*!40000 ALTER TABLE `doctor_medicineissue` ENABLE KEYS */;
UNLOCK TABLES;

--
-- Table structure for table `doctor_patientrecord`
--

DROP TABLE IF EXISTS `doctor_patientrecord`;
/*!40101 SET @saved_cs_client     = @@character_set_client */;
/*!40101 SET character_set_client = utf8 */;
CREATE TABLE `doctor_patientrecord` (
  `id` int(11) NOT NULL AUTO_INCREMENT,
  `date_created` date NOT NULL,
  `height` decimal(5,2) NOT NULL,
  `weight` decimal(4,2) NOT NULL,
  `isDependant` tinyint(1) NOT NULL,
  `staff_id` varchar(50) NOT NULL,
  `person_id` varchar(20) NOT NULL,
  PRIMARY KEY (`id`),
  KEY `doctor_patientrecord_staff_id_32e570c0_fk_doctor_he` (`staff_id`),
  KEY `doctor_patientrecord_person_id_2c2a0114_fk_doctor_st` (`person_id`),
  CONSTRAINT `doctor_patientrecord_person_id_2c2a0114_fk_doctor_st` FOREIGN KEY (`person_id`) REFERENCES `doctor_studentrecord` (`person_id`),
  CONSTRAINT `doctor_patientrecord_staff_id_32e570c0_fk_doctor_he` FOREIGN KEY (`staff_id`) REFERENCES `doctor_healthcentrestaff` (`staff_id`)
) ENGINE=InnoDB AUTO_INCREMENT=2 DEFAULT CHARSET=latin1;
/*!40101 SET character_set_client = @saved_cs_client */;

--
-- Dumping data for table `doctor_patientrecord`
--

LOCK TABLES `doctor_patientrecord` WRITE;
/*!40000 ALTER TABLE `doctor_patientrecord` DISABLE KEYS */;
INSERT INTO `doctor_patientrecord` VALUES (1,'2019-10-15',158.00,55.00,0,'1001','16-1-5-009');
/*!40000 ALTER TABLE `doctor_patientrecord` ENABLE KEYS */;
UNLOCK TABLES;

--
-- Table structure for table `doctor_prescription`
--

DROP TABLE IF EXISTS `doctor_prescription`;
/*!40101 SET @saved_cs_client     = @@character_set_client */;
/*!40101 SET character_set_client = utf8 */;
CREATE TABLE `doctor_prescription` (
  `prescription_serial_no` varchar(50) NOT NULL,
  `date_of_issue` date NOT NULL,
  `complaint` varchar(50) NOT NULL,
  `diagnosis` varchar(50) NOT NULL,
  `followup_date` date DEFAULT NULL,
  `patient_record_id_id` int(11) NOT NULL,
  `medicine_prescribed` tinyint(1) NOT NULL,
  `tests_recommended` tinyint(1) NOT NULL,
  PRIMARY KEY (`prescription_serial_no`),
  KEY `doctor_prescription_patient_record_id_id_a65a1c5f_fk_doctor_pa` (`patient_record_id_id`),
  CONSTRAINT `doctor_prescription_patient_record_id_id_a65a1c5f_fk_doctor_pa` FOREIGN KEY (`patient_record_id_id`) REFERENCES `doctor_patientrecord` (`id`)
) ENGINE=InnoDB DEFAULT CHARSET=latin1;
/*!40101 SET character_set_client = @saved_cs_client */;

--
-- Dumping data for table `doctor_prescription`
--

LOCK TABLES `doctor_prescription` WRITE;
/*!40000 ALTER TABLE `doctor_prescription` DISABLE KEYS */;
INSERT INTO `doctor_prescription` VALUES ('1001','2019-10-15','Heavy intolerance ','Too much fun','2019-10-16',1,0,0),('1002','2019-10-15','aaj kal acha nahi lagta hai','Chicken nahi kha pa raha hu','2019-10-17',1,0,0),('1003','2019-10-15','Could not concentrate on Final Year Project','Too much adda','2019-10-17',1,1,0);
/*!40000 ALTER TABLE `doctor_prescription` ENABLE KEYS */;
UNLOCK TABLES;

--
-- Table structure for table `doctor_recommendedtest`
--

DROP TABLE IF EXISTS `doctor_recommendedtest`;
/*!40101 SET @saved_cs_client     = @@character_set_client */;
/*!40101 SET character_set_client = utf8 */;
CREATE TABLE `doctor_recommendedtest` (
  `id` int(11) NOT NULL AUTO_INCREMENT,
  `test_name` varchar(50) NOT NULL,
  `test_result` varchar(50) NOT NULL,
  `person_id` int(11) NOT NULL,
  `prescription_serial_number` varchar(50) NOT NULL,
  PRIMARY KEY (`id`),
  KEY `doctor_recommendedte_person_id_9c053b05_fk_doctor_pa` (`person_id`),
  KEY `doctor_recommendedte_prescription_serial__f5b5bb04_fk_doctor_pr` (`prescription_serial_number`),
  CONSTRAINT `doctor_recommendedte_person_id_9c053b05_fk_doctor_pa` FOREIGN KEY (`person_id`) REFERENCES `doctor_patientrecord` (`id`),
  CONSTRAINT `doctor_recommendedte_prescription_serial__f5b5bb04_fk_doctor_pr` FOREIGN KEY (`prescription_serial_number`) REFERENCES `doctor_prescription` (`prescription_serial_no`)
) ENGINE=InnoDB DEFAULT CHARSET=latin1;
/*!40101 SET character_set_client = @saved_cs_client */;

--
-- Dumping data for table `doctor_recommendedtest`
--

LOCK TABLES `doctor_recommendedtest` WRITE;
/*!40000 ALTER TABLE `doctor_recommendedtest` DISABLE KEYS */;
/*!40000 ALTER TABLE `doctor_recommendedtest` ENABLE KEYS */;
UNLOCK TABLES;

--
-- Table structure for table `doctor_requisition`
--

DROP TABLE IF EXISTS `doctor_requisition`;
/*!40101 SET @saved_cs_client     = @@character_set_client */;
/*!40101 SET character_set_client = utf8 */;
CREATE TABLE `doctor_requisition` (
  `requisition_id` varchar(20) NOT NULL,
  `date_of_order` date NOT NULL,
  `amount` decimal(7,2) NOT NULL,
  `date_of_approval` date NOT NULL,
  `memo` longtext NOT NULL,
  PRIMARY KEY (`requisition_id`)
) ENGINE=InnoDB DEFAULT CHARSET=latin1;
/*!40101 SET character_set_client = @saved_cs_client */;

--
-- Dumping data for table `doctor_requisition`
--

LOCK TABLES `doctor_requisition` WRITE;
/*!40000 ALTER TABLE `doctor_requisition` DISABLE KEYS */;
INSERT INTO `doctor_requisition` VALUES ('9090','2019-10-21',500.00,'2019-10-21','nh[7ppgn77to');
/*!40000 ALTER TABLE `doctor_requisition` ENABLE KEYS */;
UNLOCK TABLES;

--
-- Table structure for table `doctor_requisitionmedicine`
--

DROP TABLE IF EXISTS `doctor_requisitionmedicine`;
/*!40101 SET @saved_cs_client     = @@character_set_client */;
/*!40101 SET character_set_client = utf8 */;
CREATE TABLE `doctor_requisitionmedicine` (
  `id` int(11) NOT NULL AUTO_INCREMENT,
  `quantity_requested` int(11) NOT NULL,
  `quantity_received` int(11) NOT NULL,
  `medicine_id_id` varchar(20) NOT NULL,
  `requisition_id_id` varchar(20) NOT NULL,
  PRIMARY KEY (`id`),
  KEY `doctor_requisitionme_medicine_id_id_7cb7c2dc_fk_doctor_me` (`medicine_id_id`),
  KEY `doctor_requisitionme_requisition_id_id_563d709c_fk_doctor_re` (`requisition_id_id`),
  CONSTRAINT `doctor_requisitionme_medicine_id_id_7cb7c2dc_fk_doctor_me` FOREIGN KEY (`medicine_id_id`) REFERENCES `doctor_medicine` (`medicine_id`),
  CONSTRAINT `doctor_requisitionme_requisition_id_id_563d709c_fk_doctor_re` FOREIGN KEY (`requisition_id_id`) REFERENCES `doctor_requisition` (`requisition_id`)
) ENGINE=InnoDB AUTO_INCREMENT=2 DEFAULT CHARSET=latin1;
/*!40101 SET character_set_client = @saved_cs_client */;

--
-- Dumping data for table `doctor_requisitionmedicine`
--

LOCK TABLES `doctor_requisitionmedicine` WRITE;
/*!40000 ALTER TABLE `doctor_requisitionmedicine` DISABLE KEYS */;
INSERT INTO `doctor_requisitionmedicine` VALUES (1,40,10,'10','9090');
/*!40000 ALTER TABLE `doctor_requisitionmedicine` ENABLE KEYS */;
UNLOCK TABLES;

--
-- Table structure for table `doctor_stock`
--

DROP TABLE IF EXISTS `doctor_stock`;
/*!40101 SET @saved_cs_client     = @@character_set_client */;
/*!40101 SET character_set_client = utf8 */;
CREATE TABLE `doctor_stock` (
  `batch_no` varchar(50) NOT NULL,
  `bill_no` varchar(50) NOT NULL,
  `bill_date` date NOT NULL,
  `firm_id_id` varchar(20) NOT NULL,
  PRIMARY KEY (`batch_no`),
  KEY `doctor_stock_firm_id_id_63f744e1_fk_doctor_em` (`firm_id_id`),
  CONSTRAINT `doctor_stock_firm_id_id_63f744e1_fk_doctor_em` FOREIGN KEY (`firm_id_id`) REFERENCES `doctor_empanelledfirm` (`firm_id`)
) ENGINE=InnoDB DEFAULT CHARSET=latin1;
/*!40101 SET character_set_client = @saved_cs_client */;

--
-- Dumping data for table `doctor_stock`
--

LOCK TABLES `doctor_stock` WRITE;
/*!40000 ALTER TABLE `doctor_stock` DISABLE KEYS */;
INSERT INTO `doctor_stock` VALUES ('1','22653','2015-10-15','2'),('10','22653','2015-10-15','2'),('101','ADH/82','2014-04-07','51'),('102','GE/10709/14-15','2014-12-22','52'),('103','1724','2015-10-15','53'),('104','10942','2016-06-30','54'),('105','971','2017-06-06','8'),('106','ADH/82','2014-04-07','51'),('107','1724','2015-10-15','53'),('108','10942','2015-02-15','54'),('109','R-000508','2017-06-27','54'),('11','22653','2015-10-15','2'),('110','10623','2014-02-22','54'),('111','ADH/82','2014-04-07','51'),('112','ADH/82','2014-04-07','51'),('113','10942','2016-06-30','54'),('114','R-000508','2017-06-27','54'),('115','R-000508','2017-06-27','54'),('116','ADH/82','2014-04-07','51'),('117','1724','2015-10-15','53'),('118','R-000508','2017-06-27','54'),('119','10942','2016-06-30','54'),('12','03','2015-10-15','3'),('120','R-000508','2017-06-27','54'),('121','R-000508','2017-06-27','53'),('122','10942','2016-06-30','54'),('123','R-000508','2017-06-27','54'),('124','ADH/82','2014-04-07','51'),('125','GE/10709/14-15','2014-05-08','52'),('126','22654','2015-10-15','2'),('127','10942','2016-06-30','54'),('128','971','2017-06-06','8'),('129','10942','2016-06-30','54'),('13','04','2018-01-03','3'),('130','R-000508','2017-06-27','54'),('131','GE/10709/14-15','2014-12-22','52'),('132','GE/10709/14-15','2015-03-15','52'),('133','GE/13991/14-15','2015-03-15','52'),('134','10942','2016-06-30','54'),('135','R-000508','2017-06-27','54'),('136','10942','2016-06-30','54'),('137','R-000508','2017-06-27','54'),('138','10942','2016-06-30','54'),('139','971','2017-06-06','8'),('14','22653','2015-10-15','2'),('140','R-000508','2017-06-27','54'),('141','R-000508','2017-06-27','54'),('142','10942','2016-06-30','54'),('143','R-000508','2017-06-27','54'),('144','10942','2016-06-30','54'),('145','R-000508','2017-06-27','54'),('146','R-000508','2017-06-27','54'),('148','10942','2016-06-30','54'),('149','R-000508','2017-06-27','54'),('15','33837','2016-02-20','2'),('150','R-000508','2017-06-27','54'),('151','GE/10709/14-15','2014-12-22','52'),('152','GE/13991/14-15','2015-03-15','52'),('153','R-000508','2017-06-27','54'),('154','GE/13991/14-15','2015-03-15','52'),('155','10943','2016-06-30','54'),('156','R-000508','2017-06-27','54'),('157','R-000508','2017-06-27','54'),('158','10623','2014-12-22','54'),('159','10623','2014-12-22','54'),('16','22653','2015-10-15','2'),('160','10623','2014-12-22','54'),('161','10623','2014-02-22','54'),('162','10623','2014-12-22','54'),('163','GE/10709/14-15','2014-12-22','52'),('164','GE/13991/14-15','2015-03-23','52'),('165','10944','2016-06-30','54'),('166','R-000508','2017-06-27','54'),('167','R-000508','2014-12-22','52'),('168','R-000508','2017-06-30','54'),('169','GE/10709/14-15','2014-12-22','52'),('17','22652','2015-10-15','2'),('170','GE/10709/14-15','2014-12-22','52'),('171','GE/13991/14-15','2015-03-23','52'),('172','10943','2016-06-30','54'),('173','R-000508','2020-05-01','54'),('174','GE/10709/14-15','2014-12-22','52'),('175','GE/13991/14-15','2015-03-15','52'),('176','R-000508','2017-06-27','54'),('177','GE/10709/14-15','2014-12-22','52'),('178','GE/13991/14-15','2015-03-23','52'),('179','10943','2016-06-30','54'),('18','22653','2015-10-15','2'),('180','R-000508','2017-06-27','54'),('181','GE/10709/14-15','2014-12-22','52'),('182','GE/13991/14-15','2015-03-15','52'),('183','GE/10709/14-15','2014-12-22','52'),('184','GE/13991/14-15','2015-03-23','52'),('185','10943','2016-06-30','54'),('186','R-000508','2017-06-27','54'),('187','R-000508','2017-06-27','54'),('188','513','2015-10-09','1'),('189','37','2016-02-11','1'),('19','22653','2015-10-15','2'),('190','10943','2016-06-30','54'),('191','971','2017-06-06','8'),('192','R-000508','2017-06-27','54'),('193','10943','2016-07-05','54'),('194','R-000508','2017-06-27','54'),('195','R-000508','2017-06-27','54'),('196','R-000508','2017-06-27','54'),('197','R-000508','2017-06-27','54'),('198','10943','2016-06-30','54'),('199','R-000508','2017-06-27','54'),('2','22653','2015-10-15','2'),('200','002','2015-09-21','1'),('204','11740','2017-06-01','12'),('205','17244','2017-06-14','12'),('206','A21525','2018-10-03','2'),('207','2147','2017-08-04','13'),('208','CC780','2017-09-23','5'),('209','C2780','2017-09-23','5'),('20`','22653','2015-10-15','2'),('21','33837','2016-02-20','2'),('210','C2780','2017-09-23','5'),('211','25364','2018-10-11','14'),('212','C2780','2017-09-23','5'),('214','A35184','2018-03-20','2'),('215','A10329','2018-07-16','2'),('216','A19966','2018-09-13','2'),('217','A21525','2018-10-03','2'),('218','A19966','2018-09-13','2'),('219','25536','2018-10-01','16'),('22','23091','2016-01-31','2'),('220','A21525','2018-10-03','2'),('221','A21525','2018-10-03','2'),('222','A21525','2018-10-03','2'),('223','A21525','2018-10-03','2'),('224','1901','2014-04-10','18'),('225','192','2014-04-10','18'),('226','A25209','2015-08-04','2'),('227','A10329','2018-07-16','2'),('228','12230','2018-09-24','58'),('229','A21525','2018-10-03','2'),('23','22653','2015-10-15','2'),('230','1902','2014-04-10','18'),('231','1346','2015-10-07','55'),('232','1902','2014-04-10','18'),('233','1902','2014-04-10','18'),('234','GE/10707/14-15','2014-12-22','52'),('235','36635','2014-12-24','2'),('236','C-4876','2018-02-12','5'),('237','A21525','2018-10-03','2'),('238','1903','2014-04-10','18'),('239','1903','2014-04-10','18'),('24','29884','2017-01-03','2'),('240','33926','2014-05-02','2'),('241','3056','2017-11-28','24'),('242','1903','2014-04-10','18'),('243','1903','2014-04-10','18'),('244','1904','2014-04-10','18'),('245','1904','2014-04-10','18'),('246','22653','2015-10-15','2'),('247','4878','2017-01-19','59'),('248','78212','2014-07-16','60'),('249','3980','2014-08-27','5'),('25','36635','2017-02-15','2'),('250','3319','2016-06-28','61'),('251','0062','2017-11-08','1'),('252','C12611','2018-10-27','28'),('253','9063','2014-12-11','19'),('254','534','2015-11-16','1'),('255','705','2015-11-17','1'),('256','751','2016-06-29','1'),('257','771','2016-06-30','1'),('258','62','2016-12-01','1'),('259','C12611','2018-03-12','28'),('26','22653','2015-10-15','2'),('260','78201','2014-07-15','60'),('261','78212','2014-07-16','60'),('262','R03135','2014-08-27','18'),('263','9073','2014-08-27','19'),('264','1168','2014-07-17','20'),('265','R03135','2014-08-27','18'),('266','10010','2014-08-27','19'),('267','9686','2014-07-30','9'),('268','9737','2014-08-19','9'),('269','2710','2014-07-30','62'),('27','22653','2015-10-15','2'),('270','22653','2015-10-15','2'),('271','12905','2015-07-31','2'),('272','3423','2014-08-05','5'),('273','9073','2014-12-11','19'),('274','19028','2015-07-31','2'),('275','10481','2015-11-16','55'),('276','24172','2015-11-17','2'),('277','1610','2015-01-04','55'),('278','36635','2017-02-15','2'),('279','03','2017-06-19','3'),('28','33837','2016-02-20','2'),('280','04','2017-08-21','3'),('281','A13494','2018-08-16','2'),('282','A21525','2018-10-03','2'),('283','R-03135','2014-08-27','18'),('284','10010','2014-08-27','19'),('285','10010','2014-12-22','19'),('286','15780','2015-08-27','2'),('287','19028','2015-09-28','2'),('288','16110','2016-03-18','55'),('289','5890','2016-07-30','55'),('29','22653','2015-10-15','2'),('290','01334','2014-09-14','57'),('291','01334','2014-09-14','57'),('292','03655','2014-09-18','18'),('293','RE/CC/2270','2014-12-18','26'),('294','22653','2015-10-15','2'),('295','33926','2017-02-09','2'),('296','14665','2017-02-10','55'),('297','04199','2014-10-17','18'),('298','9063','2014-12-11','19'),('299','12956','2014-12-18','55'),('3','22653```','2015-10-15','2'),('30','20331','2017-04-07','2'),('300','R-000508','2017-06-27','54'),('301','R-000508','2017-06-27','54'),('302','10943','2016-06-30','54'),('303','R-000508','2017-06-27','54'),('304','R-000508','2017-06-27','54'),('305','10943','2016-06-30','54'),('306','R-000508','2017-06-27','54'),('307','10944','2016-06-30','54'),('308','R-000508','2017-06-27','54'),('309','10944','2016-06-30','54'),('31','A-27189','2017-12-21','2'),('310','10944','2016-06-30','54'),('311','R-000508','2017-06-27','54'),('312','10944','2016-06-30','54'),('313','R-000508','2017-06-27','54'),('314','10944','2016-06-30','54'),('315','R-000508','2017-06-27','54'),('316','10944','2016-06-30','54'),('317','R-000508','2017-06-27','54'),('318','10944','2016-06-30','54'),('319','R-000508','2017-06-27','54'),('32','22653','2015-10-15','2'),('320','10944','2016-06-30','54'),('321','R-000508','2017-06-27','54'),('322','10944','2016-06-30','54'),('323','R-000508','2017-06-27','54'),('324','10944','2016-06-30','54'),('325','R-000508','2017-06-27','54'),('326','10944','2016-06-30','54'),('327','R-000508','2017-06-27','54'),('328','10945','2016-06-30','54'),('329','R-000508','2017-06-27','54'),('33','12722','2015-01-04','55'),('330','10945','2016-06-30','54'),('331','R-000508','2017-06-27','54'),('332','10945','2017-06-27','54'),('333','R-000508','2017-06-27','54'),('334','10945','2016-06-30','54'),('335','10945','2016-06-30','54'),('336','R-000508','2017-06-27','54'),('337','10945','2016-06-30','54'),('338','R-000508','2017-06-27','54'),('339','10945','2016-06-30','54'),('34','C-4876','2018-02-12','5'),('340','R-000508','2017-06-27','54'),('341','10945','2016-06-30','54'),('342','R-000508','2017-06-27','54'),('343','10945','2016-06-30','54'),('344','R-000508','2017-06-27','54'),('345','R-000508','2017-06-27','54'),('346','10851','2016-11-17','55'),('347','10851','2016-11-17','55'),('348','971','2017-06-06','8'),('349','10851','2016-11-17','8'),('35','12722','2016-01-04','55'),('350','3594','2017-05-01','2'),('351','6160','2017-05-15','2'),('352','5154','2016-05-19','2'),('353','5830','2016-07-30','55'),('354','20331','2016-10-04','2'),('355','23091','2016-10-31','2'),('356','36635','2017-02-15','2'),('357','6160','2017-05-15','2'),('358','20331','2016-10-04','2'),('359','23090','2016-10-29','2'),('36','16110','2016-03-18','5'),('360','03','2017-06-19','3'),('361','A21525','2018-10-03','2'),('362','3609','2016-09-05','9'),('363','20331','2016-10-04','2'),('364','23090','2016-10-29','2'),('365','10851','2016-11-17','55'),('366','36635','2017-02-15','2'),('367','20331','2016-10-04','2'),('368','20331','2016-10-04','2'),('369','23090','2016-10-29','2'),('37','5830','2016-07-30','55'),('370','20331','2016-10-04','2'),('371','23091','2016-10-31','2'),('372','27237','2016-11-14','2'),('373','A-25209','2017-11-30','2'),('374','A-27189','2017-12-21','2'),('375','A-21525','2018-10-03','2'),('376','20331','2016-10-04','2'),('377','23091','2016-10-31','2'),('378','27237','2016-11-14','2'),('379','20331','2016-10-04','2'),('38','20331','2016-10-04','2'),('380','27237','2016-11-14','2'),('381','20331','2016-10-04','2'),('382','20331','2016-10-04','2'),('383','3751','2016-11-03','9'),('384','23485','2016-11-02','2'),('385','29884','2017-01-03','2'),('386','3594','2017-04-28','2'),('387','12730','2016-12-28','55'),('388','29884','2017-01-03','2'),('389','14465','2017-02-10','55'),('39','23090','2016-10-29','2'),('390','36635','2017-02-15','2'),('391','A-25209','2017-11-30','2'),('392','23091','2016-10-31','2'),('393','36635','2016-12-15','2'),('394','27237','2016-11-14','2'),('395','36633','2017-03-08','2'),('396','3594','2017-04-28','2'),('397','6160','2017-05-15','2'),('398','A-25209','2017-11-30','2'),('399','A-10329','2018-07-16','2'),('4','27237','2016-11-14','2'),('40','C-1491','2018-06-26','5'),('400','10851','2016-11-17','8'),('401','971','2017-06-06','55'),('402','R-000508','2017-06-27','54'),('403','R-000508','2017-06-27','54'),('404','R-000508','2017-06-27','54'),('405','R-000508','2017-06-17','54'),('406','002','2015-09-21','1'),('407','102','2016-08-03','1'),('408','102','2016-06-29','1'),('409','103','2016-08-03','1'),('41','5830','2016-07-30','55'),('410','124','2016-09-15','1'),('411','124','2016-09-15','1'),('412','124','2016-09-15','1'),('413','102','2016-08-03','1'),('414','102','2016-08-03','1'),('415','102','2016-08-03','1'),('416','124','2016-09-15','1'),('417','124','2016-09-15','1'),('418','124','2016-09-15','1'),('419','124','2016-09-15','1'),('42','33837','2016-02-20','2'),('420','22653','2015-10-15','2'),('421','16378','2015-02-28','55'),('422','17087','2015-03-16','55'),('423','03','2017-06-19','3'),('424','27189','2017-12-21','2'),('43','2356','2016-05-20','55'),('44','5830','2016-07-30','55'),('46','2356','2016-05-20','55'),('47','5830','2016-07-30','55'),('48','23091','2016-10-31','2'),('49','26284','2016-11-22','2'),('5','22653','2015-10-15','2'),('50','29884','2017-01-03','2'),('500','27237','2016-11-14','2'),('501','A-7788','2018-06-20','2'),('502','27237','2016-11-14','2'),('503','27237','2016-11-14','2'),('504','6160','2017-05-15','2'),('505','1910','2017-04-07','2'),('506','A14399','2017-07-10','2'),('507','A7794','2018-06-20','2'),('508','A21525','2018-10-03','2'),('509','166','2017-05-16','5'),('51','36635','2017-02-15','2'),('510','166','2017-05-16','5'),('511','166','2017-05-16','5'),('512','10602','2017-05-20','10'),('513','16933','2015-03-16','55'),('514','090','2016-06-22','1'),('515','8048','2014-12-11','21'),('516','8049','2014-12-11','21'),('517','A27189','2017-12-21','2'),('518','A21525','2018-10-03','2'),('519','9063','2014-12-11','19'),('52','3594','2017-04-28','2'),('53','6160','2017-05-15','2'),('54','A-25209','2017-11-30','2'),('55','A-10329','2018-07-16','2'),('56','44479','2016-03-19','6'),('57','67767','2018-10-11','7'),('58','44479','2016-03-19','6'),('59','44479','2016-03-19','6'),('6','27237','2016-11-14','2'),('60','44479','2016-03-19','6'),('61','44479','2016-03-19','6'),('62','44479','2016-03-19','6'),('63','16110','2016-03-18','55'),('64','5830','2016-07-30','55'),('65','20331','2016-10-04','2'),('66','10851','2016-11-17','55'),('67','16110','2016-03-18','55'),('68','16110','2016-03-18','55'),('69','27237','2016-11-14','2'),('7','22653','2015-10-15','2'),('70','16110','2016-03-18','55'),('71','27237','2016-11-14','2'),('72','16110','2016-03-16','55'),('73','27237','2016-11-14','2'),('74','16110','2016-03-18','55'),('75','27237','2016-11-14','2'),('76','16110','2016-03-18','55'),('77','27237','2016-11-14','2'),('78','16110','2016-03-18','55'),('79','5830','2016-07-30','55'),('8','27237','2016-11-14','2'),('80','16110','2016-03-18','55'),('81','16110','2016-03-18','55'),('82','16110','2016-03-18','55'),('83','10851','2016-11-17','55'),('85','16110','2016-03-18','55'),('86','16110','2016-03-18','55'),('87','27237','2016-11-14','2'),('88','16110','2016-03-18','55'),('89','16110','2016-03-18','55'),('9','22653','2015-10-15','2'),('90','16110','2016-03-18','55'),('91','16110','2016-03-18','55'),('92','16110','2016-03-18','55'),('93','16110','2016-03-18','55'),('94','16110','2016-03-18','55'),('95','16110','2016-03-18','55'),('96','03','2017-06-19','3'),('97','16110','2016-03-18','55'),('98','16110','2016-03-18','55'),('99','A21525','2018-10-03','2');
/*!40000 ALTER TABLE `doctor_stock` ENABLE KEYS */;
UNLOCK TABLES;

--
-- Table structure for table `doctor_stockmedicine`
--

DROP TABLE IF EXISTS `doctor_stockmedicine`;
/*!40101 SET @saved_cs_client     = @@character_set_client */;
/*!40101 SET character_set_client = utf8 */;
CREATE TABLE `doctor_stockmedicine` (
  `id` int(11) NOT NULL AUTO_INCREMENT,
  `quantity` int(11) NOT NULL,
  `expiry_date` date NOT NULL,
  `medicine_rate` decimal(7,2) DEFAULT NULL,
  `batch_no_id` varchar(50) NOT NULL,
  `medicine_id_id` varchar(20) NOT NULL,
  PRIMARY KEY (`id`),
  KEY `doctor_stockmedicine_batch_no_id_129c3146_fk_doctor_st` (`batch_no_id`),
  KEY `doctor_stockmedicine_medicine_id_id_fe978236_fk_doctor_me` (`medicine_id_id`),
  CONSTRAINT `doctor_stockmedicine_batch_no_id_129c3146_fk_doctor_st` FOREIGN KEY (`batch_no_id`) REFERENCES `doctor_stock` (`batch_no`),
  CONSTRAINT `doctor_stockmedicine_medicine_id_id_fe978236_fk_doctor_me` FOREIGN KEY (`medicine_id_id`) REFERENCES `doctor_medicine` (`medicine_id`)
) ENGINE=InnoDB AUTO_INCREMENT=444 DEFAULT CHARSET=latin1;
/*!40101 SET character_set_client = @saved_cs_client */;

--
-- Dumping data for table `doctor_stockmedicine`
--

LOCK TABLES `doctor_stockmedicine` WRITE;
/*!40000 ALTER TABLE `doctor_stockmedicine` DISABLE KEYS */;
INSERT INTO `doctor_stockmedicine` VALUES (4,1000,'2016-11-16',64.76,'1','28'),(5,500,'2017-01-01',95.24,'2','29'),(6,1000,'2017-01-01',95.24,'3','30'),(7,400,'2019-02-01',94.34,'4','30'),(8,6000,'2016-06-01',80.24,'101','202'),(9,1000,'2017-11-01',190.52,'5','31'),(10,6000,'2017-07-01',68.80,'102','202'),(11,400,'2018-11-01',140.19,'6','31'),(12,1200,'2018-07-01',72.20,'103','202'),(13,1000,'2017-09-01',87.62,'7','32'),(14,3000,'2019-01-01',77.00,'104','202'),(15,400,'2019-02-01',87.62,'8','32'),(16,990,'2016-11-16',56.48,'9','33'),(17,100,'2017-03-01',98.94,'10','34'),(18,500,'2016-11-16',65.39,'11','35'),(19,1200,'2020-01-01',94.00,'105','202'),(20,100,'2018-01-01',79.30,'12','35'),(21,1800,'2015-07-01',65.01,'106','203'),(22,50,'2019-01-01',79.30,'13','35'),(23,1000,'2016-06-01',54.41,'14','36'),(24,3000,'2017-05-01',54.41,'15','36'),(25,1800,'2018-06-01',72.20,'107','203'),(26,10,'2016-06-01',17.50,'16','37'),(27,1,'2017-10-01',999.99,'200','522'),(28,600,'2018-06-01',70.00,'108','203'),(29,1000,'2016-12-01',20.55,'17','38'),(30,600,'2020-04-01',73.00,'109','203'),(31,200,'2017-08-01',86.33,'18','40'),(32,1800,'2017-03-01',72.00,'110','204'),(33,200,'2017-07-01',54.93,'19','41'),(34,3000,'2015-09-01',70.01,'112','204'),(35,500,'2016-11-01',135.37,'20`','42'),(36,1200,'2018-05-01',83.75,'113','204'),(37,1600,'2017-01-01',61.15,'21','43'),(38,300,'2019-11-01',72.00,'114','204'),(39,300,'2019-11-01',72.00,'115','204'),(40,400,'2017-01-01',61.35,'22','43'),(41,100,'2017-02-01',41.18,'23','44'),(42,1500,'2015-04-01',39.84,'116','205'),(43,50,'2018-06-01',41.75,'24','44'),(44,1500,'2018-03-01',36.80,'117','205'),(45,30,'2018-08-01',12.12,'25','45'),(46,150,'2019-12-01',45.00,'118','205'),(47,600,'2018-05-01',7.14,'26','46'),(48,600,'2019-03-01',81.00,'119','206'),(49,600,'2020-01-01',86.00,'120','206'),(50,1500,'2017-02-01',64.34,'27','47'),(51,1200,'2018-05-01',72.20,'121','207'),(52,600,'2018-05-01',80.00,'122','207'),(53,300,'2020-02-01',81.00,'123','207'),(54,3000,'2017-02-01',64.34,'28','47'),(57,300,'2015-06-01',70.00,'124','208'),(58,1500,'2017-02-01',68.80,'125','208'),(60,200,'2017-05-01',76.85,'29','48'),(61,1500,'2015-05-01',65.01,'126','208'),(62,30,'2018-06-01',349.00,'204','11'),(63,900,'2018-10-01',78.00,'127','208'),(64,30,'2018-06-01',349.00,'205','11'),(65,100,'2017-07-01',86.01,'30','48'),(66,900,'2020-01-01',89.89,'128','208'),(67,200,'2019-09-01',90.52,'31','48'),(68,2010,'2020-06-01',73.89,'206','26'),(69,994,'2017-06-01',115.32,'32','49'),(70,10,'2017-04-01',71.00,'129','608'),(71,40,'2017-04-01',24.99,'33','122'),(72,20,'2018-12-01',74.00,'130','608'),(73,40,'2020-04-01',22.20,'34','122'),(74,60,'2019-02-01',17.65,'207','12'),(75,405,'2019-04-01',10.09,'35','51'),(76,21,'2016-02-01',71.80,'131','209'),(77,120,'2019-06-01',8.31,'208','13'),(78,1005,'2019-11-01',11.60,'36','51'),(79,29,'2016-06-01',71.80,'132','209'),(80,29,'2016-11-01',71.80,'133','209'),(81,46,'2018-03-01',75.00,'134','209'),(82,510,'2020-03-01',11.30,'37','51'),(83,2,'2020-11-01',3.97,'209','25'),(84,100,'2019-04-01',79.00,'135','209'),(85,2,'2019-12-01',4.95,'210','24'),(86,900,'2018-08-01',78.00,'136','211'),(87,1005,'2020-05-01',9.79,'38','51'),(88,6,'2020-05-01',25.92,'211','24'),(89,300,'2020-02-01',86.80,'137','211'),(90,15,'2019-01-01',62.00,'138','212'),(91,1005,'2020-06-01',9.79,'39','51'),(92,60,'2019-11-01',5.85,'212','24'),(93,50,'2019-12-31',64.70,'139','212'),(94,720,'2022-02-01',9.45,'40','51'),(96,50,'2019-10-01',69.00,'140','212'),(97,1200,'2017-09-01',222.00,'41','53'),(98,30,'2019-02-01',108.00,'141','214'),(99,3000,'2018-11-01',12.59,'42','55'),(100,1350,'2020-07-01',9.73,'214','15'),(101,1020,'2021-03-01',10.06,'215','15'),(102,15,'2017-10-01',69.00,'142','216'),(103,10,'2019-01-01',78.00,'143','216'),(104,1800,'2020-11-01',9.18,'216','56'),(105,675,'2018-12-01',12.93,'43','55'),(106,10,'2019-03-01',85.00,'144','218'),(107,10,'2020-04-01',100.00,'145','218'),(108,2700,'2019-03-01',14.20,'44','55'),(109,10,'2022-05-01',84.00,'146','219'),(110,450,'2018-02-01',84.54,'46','26'),(111,2010,'2021-05-01',12.18,'217','16'),(112,855,'2018-03-01',91.25,'47','26'),(113,3780,'2019-10-01',15.63,'218','17'),(114,510,'2018-05-01',73.01,'48','26'),(115,1050,'2018-06-01',73.01,'49','26'),(116,510,'2018-06-01',73.01,'50','26'),(117,90,'2020-06-01',64.29,'219','18'),(118,1515,'2018-10-01',73.01,'51','26'),(119,20,'2017-09-01',78.75,'148','222'),(120,500,'2020-03-01',52.86,'220','19'),(121,600,'2018-10-01',73.01,'52','26'),(122,30,'2019-04-01',69.00,'149','222'),(123,20,'2022-04-01',51.00,'150','223'),(124,500,'2020-03-01',44.93,'221','20'),(125,300,'2018-10-01',73.01,'53','26'),(126,1000,'2019-06-01',51.21,'222','21'),(127,1200,'2019-03-01',70.43,'54','26'),(128,50,'2020-04-01',82.40,'223','22'),(129,500,'2019-03-01',21.69,'151','224'),(130,500,'2019-03-01',21.60,'152','224'),(131,1005,'2020-02-01',71.45,'55','26'),(132,22,'2022-03-01',999.99,'153','224'),(133,15,'2016-04-01',72.40,'154','225'),(134,1,'2017-07-01',27.15,'56','58'),(135,50,'2015-06-01',46.50,'224','145'),(136,50,'2017-11-01',72.00,'155','225'),(137,10,'2020-03-01',38.35,'57','59'),(138,50,'2019-03-01',78.00,'156','225'),(139,10,'2017-06-01',58.00,'58','60'),(140,20,'2020-04-01',50.00,'157','226'),(141,15,'2018-08-01',34.81,'59','61'),(142,30,'2017-10-01',114.00,'158','230'),(143,490,'2017-03-01',19.50,'159','231'),(144,10,'2017-05-01',139.50,'60','62'),(145,500,'2015-12-01',30.90,'225','144'),(146,500,'2017-07-01',17.50,'160','232'),(147,25,'2017-07-01',105.00,'161','233'),(148,14,'2016-05-01',10.74,'61','63'),(149,100,'2019-05-01',32.78,'226','144'),(150,10,'2017-07-01',31.10,'62','64'),(151,1800,'2017-01-01',69.00,'162','234'),(152,100,'2020-01-01',35.86,'227','144'),(153,100,'2017-09-01',48.28,'63','18'),(154,100,'2018-04-01',50.10,'64','18'),(155,200,'2017-08-01',70.90,'163','1035'),(156,200,'2018-02-01',45.11,'65','39'),(157,1440,'2017-10-01',70.90,'164','1035'),(158,4,'2019-11-01',49.00,'228','144'),(159,200,'2018-05-01',49.10,'66','39'),(160,1200,'2017-09-01',118.00,'165','1035'),(161,250,'2020-04-01',36.63,'229','144'),(162,300,'2017-02-01',55.83,'67','65'),(163,480,'2018-08-01',100.00,'166','1035'),(164,20,'2015-12-01',36.73,'230','160'),(165,100,'2017-04-01',40.52,'68','66'),(166,100,'2017-11-01',35.87,'69','66'),(167,50,'2017-04-01',41.30,'231','160'),(168,100,'2018-07-01',32.92,'70','67'),(169,1360,'2019-07-01',37.30,'167','736'),(170,50,'2015-10-01',40.55,'232','182'),(171,400,'2022-02-01',39.00,'168','736'),(172,100,'2019-07-01',29.95,'71','67'),(173,20,'2015-12-01',39.45,'233','502'),(174,14,'2017-01-01',52.90,'169','270'),(175,500,'2017-09-01',68.20,'72','68'),(176,10,'2016-06-01',39.00,'234','502'),(177,200,'2017-01-01',57.00,'170','638'),(178,500,'2018-04-01',63.20,'73','68'),(179,1200,'2017-11-01',57.00,'171','638'),(180,50,'2017-03-01',77.58,'74','69'),(181,2000,'2019-03-01',58.00,'172','638'),(182,10,'2018-06-01',46.25,'235','502'),(183,30,'2017-08-01',72.00,'75','69'),(184,800,'2020-05-01',68.00,'173','638'),(185,300,'2018-08-01',70.70,'76','70'),(186,20,'2019-12-01',47.82,'236','502'),(187,30,'2016-08-01',32.70,'174','271'),(188,20,'2019-12-01',47.82,'237','502'),(189,200,'2019-09-01',65.60,'77','70'),(190,40,'2016-09-01',32.70,'175','271'),(191,25,'2018-10-01',35.00,'176','271'),(192,10,'2017-09-01',2.63,'78','25'),(193,168,'2015-04-01',237.00,'238','75'),(194,20,'2016-04-01',48.20,'177','272'),(195,200,'2018-03-01',2.80,'79','25'),(196,30,'2016-08-01',48.20,'178','272'),(197,168,'2015-12-01',4.79,'239','12'),(198,25,'2018-03-01',45.00,'179','272'),(199,10,'2020-06-01',6.00,'80','71'),(200,28,'2018-09-01',3.44,'240','12'),(201,20,'2018-04-01',42.00,'180','272'),(202,10,'2018-10-01',109.60,'81','306'),(203,30,'2019-09-01',84.90,'181','641'),(204,90,'2017-09-01',45.26,'82','72'),(205,50,'2019-12-01',84.90,'182','641'),(206,100,'2018-02-01',30.00,'83','72'),(207,50,'2017-01-01',88.00,'183','273'),(208,28,'2019-06-01',4.39,'241','12'),(209,90,'2017-04-01',149.20,'85','76'),(210,25,'2017-01-01',88.00,'184','273'),(211,100,'2015-12-01',82.60,'242','147'),(212,400,'2017-06-01',38.40,'86','77'),(213,100,'2015-01-01',79.03,'243','101'),(214,3012,'2015-07-01',25.82,'244','183'),(215,400,'2017-06-01',38.40,'87','77'),(216,50,'2019-03-01',90.00,'185','273'),(217,20,'2016-10-01',31.71,'245','184'),(218,20,'2019-08-01',110.00,'186','273'),(219,1000,'2016-11-01',128.56,'246','102'),(220,50,'2017-10-01',76.72,'88','78'),(221,20,'2021-07-01',50.00,'187','643'),(222,1000,'2018-11-01',15.05,'89','80'),(223,200,'2017-12-01',41.80,'188','274'),(224,500,'2017-09-01',13.52,'90','81'),(225,2,'2018-08-01',90.00,'247','199'),(226,50,'2017-12-01',41.80,'189','274'),(227,50,'2017-08-01',54.30,'91','83'),(228,100,'2018-04-01',43.00,'190','274'),(229,5,'2015-10-01',157.50,'248','161'),(230,50,'2019-03-01',11.33,'92','84'),(231,200,'2019-06-01',50.28,'191','274'),(232,210,'2018-09-01',167.24,'93','85'),(233,150,'2019-01-01',115.00,'192','275'),(234,25,'2019-03-01',40.00,'193','647'),(235,20,'2018-08-01',25.85,'94','86'),(236,9,'2015-12-01',23.47,'249','161'),(237,25,'2019-11-01',42.00,'194','647'),(238,25,'2019-07-01',89.65,'95','88'),(239,10,'2020-01-01',45.00,'195','648'),(240,10,'2020-03-01',46.00,'196','649'),(241,10,'2019-03-01',80.00,'197','276'),(242,300,'2020-08-01',74.00,'96','88'),(243,10,'2018-12-01',119.00,'198','277'),(244,10,'2017-12-01',220.70,'97','89'),(245,15,'2019-01-01',130.00,'199','277'),(246,4,'2018-02-01',130.00,'250','161'),(247,100,'2018-04-01',58.00,'98','90'),(248,10,'2018-03-01',93.00,'300','278'),(249,10,'2018-12-01',25.50,'251','161'),(250,10,'2019-08-01',170.00,'301','654'),(251,200,'2021-02-01',38.23,'99','191'),(252,1,'2018-06-01',34.72,'350','121'),(253,5,'2020-04-01',23.90,'252','161'),(254,27,'2018-08-01',34.72,'351','121'),(255,200,'2017-11-01',171.44,'352','54'),(256,88,'2018-02-01',27.41,'353','95'),(257,2,'2016-07-01',19.10,'253','161'),(258,10,'2019-08-01',170.00,'304','999'),(259,60,'2018-02-01',30.33,'354','95'),(260,20,'2018-05-01',123.75,'302','656'),(261,10,'2017-04-01',28.00,'254','161'),(262,48,'2018-05-01',30.33,'355','95'),(263,50,'2019-08-01',100.00,'303','656'),(264,50,'2018-07-01',30.33,'356','95'),(265,48,'2017-11-01',49.00,'305','657'),(266,10,'2019-01-01',49.00,'306','657'),(267,20,'2018-02-01',102.50,'307','658'),(268,36,'2018-10-01',30.33,'357','95'),(269,10,'2019-04-01',89.00,'308','658'),(270,5,'2016-07-01',28.50,'255','161'),(271,30,'2019-04-01',58.72,'358','149'),(272,15,'2017-05-01',28.00,'309','661'),(273,30,'2019-05-01',58.72,'359','149'),(274,4,'2018-01-01',26.97,'256','161'),(275,20,'2019-02-01',47.00,'310','663'),(276,25,'2019-12-01',49.00,'311','663'),(277,200,'2020-01-01',64.00,'360','149'),(278,250,'2021-02-01',60.47,'361','149'),(279,6,'2017-05-01',27.50,'257','161'),(280,10,'2018-04-01',23.54,'258','161'),(281,5,'2019-05-01',22.71,'259','161'),(282,960,'2017-11-01',118.75,'312','664'),(283,1200,'2019-02-01',100.00,'313','664'),(284,15,'2017-05-01',56.00,'314','665'),(285,10,'2019-02-01',4.70,'362','97'),(286,20,'2019-05-01',76.00,'315','665'),(287,400,'2018-03-01',96.25,'316','666'),(288,50,'2019-02-01',12.49,'363','98'),(289,450,'2018-04-01',109.00,'317','666'),(290,7,'2017-11-01',57.00,'318','667'),(291,50,'2019-05-01',12.03,'364','98'),(292,20,'2018-07-01',78.00,'319','667'),(293,1,'2015-09-01',84.15,'260','103'),(294,1200,'2018-05-01',77.00,'320','668'),(295,1,'2016-01-01',89.00,'261','104'),(296,300,'2018-06-01',100.00,'321','668'),(297,200,'2019-05-01',13.60,'365','98'),(298,480,'2017-11-01',118.75,'322','669'),(299,100,'2019-09-01',12.03,'366','98'),(300,300,'2018-09-01',100.00,'323','669'),(301,2,'2015-08-01',62.60,'262','104'),(302,480,'2017-06-01',132.50,'324','670'),(303,300,'2018-04-01',109.00,'325','670'),(304,40,'2018-05-01',50.18,'367','99'),(305,1080,'2017-06-01',120.00,'326','671'),(306,600,'2018-10-01',110.00,'327','671'),(307,1,'2016-04-01',62.52,'263','104'),(308,975,'2020-02-01',5.85,'368','100'),(309,20,'2019-02-01',100.00,'328','672'),(310,30,'2020-03-01',92.00,'329','672'),(311,975,'2020-03-01',5.85,'369','100'),(312,25,'2018-12-01',65.00,'330','673'),(313,10,'2019-03-01',66.00,'331','673'),(314,1200,'2019-04-01',52.46,'370','235'),(315,50,'2018-03-01',48.00,'332','674'),(316,50,'2019-01-01',52.00,'333','674'),(317,1005,'2019-04-01',52.46,'371','235'),(318,10,'2018-04-01',100.00,'334','676'),(319,1125,'2019-04-01',52.46,'372','235'),(320,3,'2016-03-01',171.00,'264','503'),(321,400,'2019-01-01',90.00,'335','677'),(322,510,'2020-03-01',53.86,'373','235'),(323,400,'2019-03-01',96.00,'336','677'),(324,10,'2016-04-01',48.80,'265','503'),(325,400,'2021-01-01',32.00,'337','678'),(326,1815,'2020-06-01',53.86,'374','235'),(327,400,'2021-11-01',35.00,'338','678'),(328,10,'2016-05-01',48.27,'266','503'),(329,2010,'2021-08-01',59.18,'375','235'),(330,800,'2019-04-01',30.00,'339','679'),(331,400,'2021-10-01',340.00,'340','679'),(332,1,'2016-05-01',237.00,'267','164'),(333,2000,'2019-02-01',38.00,'341','680'),(334,800,'2020-01-01',450.00,'342','658'),(335,50,'2018-03-01',64.15,'376','236'),(336,1,'2017-01-01',244.00,'268','164'),(337,10,'2018-02-01',60.00,'343','681'),(338,45,'2018-03-01',64.15,'377','236'),(339,25,'2019-05-01',66.00,'344','681'),(340,100,'2018-03-01',64.15,'378','236'),(341,160,'2021-12-01',117.00,'345','682'),(343,30,'2016-05-01',403.00,'269','148'),(344,30,'2018-04-01',64.40,'346','684'),(345,1000,'2017-03-01',131.00,'270','148'),(346,30,'2018-11-01',34.40,'347','685'),(347,60,'2017-11-01',68.57,'379','237'),(348,40,'2019-07-01',34.24,'348','685'),(349,100,'2017-11-01',68.57,'380','237'),(350,30,'2018-09-01',38.70,'349','686'),(351,80,'2018-05-01',120.75,'381','238'),(352,30,'2017-09-01',43.10,'400','687'),(353,500,'2017-10-01',13.15,'382','81'),(354,50,'2019-02-01',53.72,'401','688'),(355,30,'2018-02-01',52.00,'383','239'),(356,1500,'2019-02-01',102.00,'402','689'),(357,200,'2018-05-01',25.54,'384','240'),(358,20,'2019-10-01',55.00,'403','690'),(359,600,'2019-10-01',75.00,'404','676'),(360,400,'2018-05-01',25.54,'385','240'),(361,14,'2019-03-01',60.00,'405','692'),(362,200,'2018-07-01',25.54,'386','240'),(363,180,'2019-07-01',18.40,'387','241'),(364,500,'2019-07-01',16.15,'388','241'),(365,500,'2019-07-01',18.40,'389','241'),(366,50,'2016-12-01',33.25,'272','127'),(367,1930,'2019-07-01',18.40,'390','241'),(368,100,'2017-04-01',33.90,'273','127'),(369,2000,'2019-09-01',17.76,'391','241'),(370,40,'2017-10-01',107.00,'392','242'),(371,50,'2017-10-01',105.91,'393','242'),(372,1,'2017-10-01',999.99,'406','521'),(373,2,'2018-10-01',999.99,'407','521'),(374,3000,'2017-07-01',20.61,'394','249'),(375,580,'2018-05-01',22.66,'395','249'),(376,1,'2018-09-01',999.99,'408','535'),(377,100,'2017-04-01',33.90,'271','127'),(378,1000,'2018-02-01',22.66,'396','249'),(379,100,'2018-03-01',35.90,'274','127'),(380,1000,'2018-05-01',22.66,'397','249'),(381,50,'2018-03-01',35.20,'275','127'),(382,1000,'2018-08-01',21.29,'398','249'),(383,40,'2018-04-01',35.20,'276','127'),(384,2000,'2019-08-01',23.41,'399','249'),(385,5,'2016-03-01',270.00,'409','556'),(386,100,'2017-11-01',54.34,'500','250'),(387,90,'2019-06-01',93.07,'501','250'),(388,2,'2019-06-01',999.99,'410','556'),(389,200,'2018-09-01',39.83,'277','127'),(390,150,'2017-12-01',99.56,'502','252'),(391,50,'2019-05-01',320.00,'411','508'),(392,200,'2019-05-01',34.24,'278','127'),(393,1020,'2020-05-01',5.43,'503','243'),(394,5,'2019-11-01',999.99,'412','528'),(395,300,'2019-11-01',38.30,'279','127'),(396,510,'2021-01-01',9.01,'504','244'),(397,6,'2019-11-01',280.00,'413','544'),(398,300,'2020-03-01',38.30,'280','127'),(399,1,'2018-11-01',250.00,'414','550'),(400,100,'2021-03-01',35.25,'281','127'),(401,2,'2018-12-01',999.99,'415','552'),(402,500,'2021-04-01',35.25,'282','127'),(403,100,'2019-09-01',77.78,'505','245'),(404,2,'2018-05-01',999.99,'416','540'),(405,1000,'2019-01-01',7.21,'506','253'),(406,500,'2019-10-01',7.14,'507','253'),(407,1005,'2021-05-01',10.71,'508','253'),(408,2,'2018-03-01',999.99,'417','514'),(409,2,'2019-12-01',23.10,'509','251'),(410,5,'2017-06-01',999.99,'418','515'),(411,20,'2015-11-01',77.16,'283','105'),(412,2,'2019-02-01',25.20,'510','256'),(413,2,'2019-12-01',24.00,'511','257'),(414,100,'2016-06-01',76.70,'284','105'),(415,400,'2017-10-01',52.25,'285','149'),(416,10,'2018-07-01',125.80,'512','247'),(417,5,'2017-11-01',999.99,'419','977'),(418,50,'2018-04-01',54.17,'286','149'),(419,50,'2018-06-01',54.17,'287','149'),(420,2000,'2016-12-01',80.35,'420','57'),(421,50,'2018-10-01',59.48,'288','149'),(422,150,'2019-03-01',59.48,'289','149'),(423,1250,'2016-04-01',13.83,'421','241'),(424,250,'2017-05-01',70.00,'290','106'),(425,350,'2016-04-01',13.83,'422','241'),(426,250,'2017-05-01',55.50,'291','107'),(427,900,'2017-04-01',8.55,'292','108'),(428,3000,'2016-07-01',58.18,'293','128'),(429,1000,'2017-07-01',65.91,'294','128'),(430,1000,'2019-06-01',17.60,'423','985'),(431,5,'2019-01-01',11.62,'424','249'),(432,15,'2018-07-01',163.50,'295','986'),(433,15,'2018-07-01',160.51,'296','986'),(434,50,'2016-06-01',48.55,'297','151'),(435,200,'2014-07-01',48.51,'298','151'),(436,400,'2019-02-01',210.00,'299','129'),(437,300,'2019-11-01',2.10,'513','129'),(438,1200,'2020-02-01',220.00,'514','129'),(439,150,'2017-03-01',35.25,'515','159'),(440,50,'2017-03-01',35.23,'516','159'),(441,400,'2019-05-01',21.07,'517','159'),(442,1500,'2020-01-01',23.03,'518','159'),(443,3000,'2016-01-01',50.66,'519','504');
/*!40000 ALTER TABLE `doctor_stockmedicine` ENABLE KEYS */;
UNLOCK TABLES;

--
-- Table structure for table `doctor_studentrecord`
--

DROP TABLE IF EXISTS `doctor_studentrecord`;
/*!40101 SET @saved_cs_client     = @@character_set_client */;
/*!40101 SET character_set_client = utf8 */;
CREATE TABLE `doctor_studentrecord` (
  `person_id` varchar(20) NOT NULL,
  `name` varchar(50) NOT NULL,
  `nationality` varchar(50) NOT NULL,
  `category` varchar(100) NOT NULL,
  PRIMARY KEY (`person_id`)
) ENGINE=InnoDB DEFAULT CHARSET=latin1;
/*!40101 SET character_set_client = @saved_cs_client */;

--
-- Dumping data for table `doctor_studentrecord`
--

LOCK TABLES `doctor_studentrecord` WRITE;
/*!40000 ALTER TABLE `doctor_studentrecord` DISABLE KEYS */;
INSERT INTO `doctor_studentrecord` VALUES ('11-3-6-302','Thounaojam Caesar','Indian','Student'),('12-3-05-103','Patil Sandeep Ramsing','Indian','Student'),('12-3-1-103','Ms. Parbin Sultana','Indian','Student'),('12-3-1-104','Ms. Piya Biswas','Indian','Student'),('12-3-1-107','Ms. Nirmali Borthakur','Indian','Student'),('12-3-1-110','Ms. Yanglem  Sonia Devi','Indian','Student'),('12-3-2-106','Sujit Kumar Pattanayak ','Indian','Student'),('12-3-4-104','Chabungbam Anandini Devi','Indian','Student'),('12-3-6-201','Sanjib Banik                                    ','Indian','Student'),('12-3-6-203','Subodh Chandra Das','Indian','Student'),('12-3-6-303','Ms. Suniho Shikhu','Indian','Student'),('12-3-6-304','Ms. Soyam Chaningkhombee Chanu','Indian','Student'),('13-3-01-105','Measanlibor Syiem Tiewsoh','Indian','Student'),('13-3-02-103','Bhosale Shrikrushna Babasaheb','Indian','Student'),('13-3-02-105','Subhankar Das','Indian','Student'),('13-3-02-107','Ashangbam Satyavrata Singh','Indian','Student'),('13-3-04-106','Sultan Mahmood Chowdhury','Indian','Student'),('13-3-04-108','Ms. Sunandita Debnath','Indian','Student'),('13-3-04-110','Ms. Nivedita Biswas','Indian','Student'),('13-3-04-115','Ganesh Prasad','Indian','Student'),('13-3-05-101','Ms. Ujwala Baruah','Indian','Student'),('13-3-2-103','Ms. Saroj Yadav','Indian','Student'),('13-3-23-103','Firoza Sultana','Indian','Student'),('13-3-23-105','Nurul Alam Mazumder','Indian','Student'),('13-3-3-101','Vinod A','Indian','Student'),('13-3-6-202','Himanshu Narayan Prasad','Indian','Student'),('13-3-6-902','Ms. Ranjana Jha                             ','Indian','Student'),('14-1-2-114','Shubham Bagri','Indian','Student | '),('14-1-5-080','Dhyan Jyoti Das','Indian','Student | '),('14-1-6-056','Yogesh  kumar Meena','Indian','Student | '),('14-3-01-103','Nirban Laskar','Indian','Student'),('14-3-01-111','Amit Kumar Dey','Indian','Student'),('14-3-02-102','Chiranjib Bhowmik','Indian','Student'),('14-3-02-108','Ikbal Bahar Laskar','Indian','Student'),('14-3-02-109','Tuhin Deshamukhya','Indian','Student'),('14-3-02-112','Tankeshwar Prasad','Indian','Student'),('14-3-02-113','Khagokpam Gopal Krishna Singh','Indian','Student'),('14-3-03-108','Soumya Samanta','Indian','Student'),('14-3-03-110','Ms. Pushpa Gaur','Indian','Student'),('14-3-03-111','Ms. Rituparna Mitra','Indian','Student'),('14-3-04-102','Ms. Chuya China (Bhanja)','Indian','Student'),('14-3-04-105','Mohiul Islam','Indian','Student'),('14-3-04-106','Chabungbam Lison Singh','Indian','Student'),('14-3-04-107','Ashim Jyoti Gogoi','Indian','Student'),('14-3-04-111','Ritwik Haldar','Indian','Student'),('14-3-05-101','Umakanta Majhi','Indian','Student'),('14-3-05-102','Ripon Patgiri                                ','Indian','Student'),('14-3-05-105','Rajdeep Ghosh','Indian','Student'),('14-3-05-106','Hussain Ahmed Choudhury','Indian','Student'),('14-3-05-108','Ms. Debashree Devi','Indian','Student'),('14-3-05-109','Heisnam Rohen Singh','Indian','Student'),('14-3-05-110','Prabhakar Sarma Neog ','Indian','Student'),('14-3-06-101','Tushar Bachhar','Indian','Student'),('14-3-06-102','Kalimuddin Mondal','Indian','Student'),('14-3-06-103','Ms. Surabhi Hom Choudhury','Indian','Student'),('14-3-06-104','Ms. Manidipa Sarkar','Indian','Student'),('14-3-06-105','Ms. Barasha Mali','Indian','Student'),('14-3-06-106','Ms. Jupitara Hazarika','Indian','Student'),('14-3-21-101','Kelvin Mutum','Indian','Student'),('14-3-21-102','Abhijit Ghosh','Indian','Student'),('14-3-21-106','Ms. Padmaja Tamuli','Indian','Student'),('14-3-22-102','Dhiman Dutta','Indian','Student'),('14-3-23-101','Shamima Begum','Indian','Student'),('14-3-23-105','Gunindra Pathak','Indian','Student'),('14-3-23-106','Ms. Sukanya Hazarika','Indian','Student'),('14-3-23-107','Pamreishang Kasar','Indian','Student'),('15-1-1-001','Samujjal Aich','Indian','Student | '),('15-1-1-002','Achyut Kumar Borah','Indian','Student | '),('15-1-1-004','Monish  Goswami','Indian','Student | '),('15-1-1-005','Priyanuj  Misra','Indian','Student | '),('15-1-1-006','Diixita Gulgulia','Indian','Student | '),('15-1-1-008','Dhanjit Baishya','Indian','Student | '),('15-1-1-009','Deep Das','Indian','Student | '),('15-1-1-010','Nilankar Das','Indian','Student | '),('15-1-1-011','Manash Jyoti Das Choudhary','Indian','Student | '),('15-1-1-012','Rahul Raut','Indian','Student | '),('15-1-1-014','Bijeta Bhowal','Indian','Student | '),('15-1-1-015','Kulojit Boro','Indian','Student | '),('15-1-1-016','Upasana Nath','Indian','Student | '),('15-1-1-017','Shubham Sen','Indian','Student | '),('15-1-1-018','Saurabh Kumar Singh','Indian','Student | '),('15-1-1-019','Moni Kongkon Bhuyan','Indian','Student | '),('15-1-1-020','Rahul Baruah','Indian','Student | '),('15-1-1-021','Shankar Dev Gour','Indian','Student | '),('15-1-1-022','Riya Hazarika','Indian','Student | '),('15-1-1-023','Subhashish Chamua','Indian','Student | '),('15-1-1-024','Utsa Choudhury','Indian','Student | '),('15-1-1-025','Md Nayan Ahmed','Indian','Student | '),('15-1-1-026','Mrinmoy Jyoti Sarma','Indian','Student | '),('15-1-1-027','Ankan Kishore Pathak','Indian','Student | '),('15-1-1-028','Shivam Singh','Indian','Student | '),('15-1-1-029','Surajit Neog','Indian','Student | '),('15-1-1-031','Silpi Sikha Saikia','Indian','Student | '),('15-1-1-032','Abu Mehtab Hussain','Indian','Student | '),('15-1-1-033','Nilpaban Nath','Indian','Student | '),('15-1-1-034','Mausom Kalita','Indian','Student | '),('15-1-1-035','Earjina Ahmed','Indian','Student | '),('15-1-1-036','Vicky Kumar','Indian','Student | '),('15-1-1-037','Nabajit Pait','Indian','Student | '),('15-1-1-038','Souravjyoti Deuri','Indian','Student | '),('15-1-1-039','Panchali Baishya','Indian','Student | '),('15-1-1-040','Lalremruata','Indian','Student | '),('15-1-1-041','Mridupawan Deka','Indian','Student | '),('15-1-1-042','Anshuman Roy','Indian','Student | '),('15-1-1-045','Abhijeet Kumar','Indian','Student | '),('15-1-1-046','Eeshan Dutta','Indian','Student | '),('15-1-1-047','Vikas Kumar','Indian','Student | '),('15-1-1-049','Bishal Nath','Indian','Student | '),('15-1-1-050','Sushobhita Sarkar','Indian','Student | '),('15-1-1-051','Manash Jyoti Kalita','Indian','Student | '),('15-1-1-052','Mohobub Hussain Barbhuiya','Indian','Student | '),('15-1-1-053','Manab Sonowal','Indian','Student | '),('15-1-1-054','Pranjal Das','Indian','Student | '),('15-1-1-055','Nabajit Baishya','Indian','Student | '),('15-1-1-056','Bedanta Kalita','Indian','Student | '),('15-1-1-057','Dipujjal Das','Indian','Student | '),('15-1-1-058','Surya Pratap Vishwakarma','Indian','Student | '),('15-1-1-060','Manish Kumar','Indian','Student | '),('15-1-1-061','Bishal Nahata','Indian','Student | '),('15-1-1-062','Nivedita Das','Indian','Student | '),('15-1-1-063','Mirza Kawsar Ahmed','Indian','Student | '),('15-1-1-065','Anurag Gohain','Indian','Student | '),('15-1-1-066','Antaranga Talukdar','Indian','Student | '),('15-1-1-067','Rahul Raushan','Indian','Student | '),('15-1-1-068','Subham Sinha','Indian','Student | '),('15-1-1-069','Alok Kumar','Indian','Student | '),('15-1-1-071','Vishal Kumar','Indian','Student | '),('15-1-1-073','Madhav Kumar','Indian','Student | '),('15-1-1-074','Lalu Kumar Roy','Indian','Student | '),('15-1-1-075','Vinay Chauhan','Indian','Student | '),('15-1-1-078','Rajesh Kumar Chaudhary','Indian','Student | '),('15-1-1-079','Vikas Kumar','Indian','Student | '),('15-1-1-080','Debojit Barman','Indian','Student | '),('15-1-1-081','Vivek Shukla','Indian','Student | '),('15-1-1-083','Divakar Kumar Kushwaha','Indian','Student | '),('15-1-1-084','Ravi Ranjan','Indian','Student | '),('15-1-1-085','Neha Kumari','Indian','Student | '),('15-1-1-086','Akash Mehara','Indian','Student | '),('15-1-1-087','Taranga Deka','Indian','Student | '),('15-1-1-089','Jay Poddar','Indian','Student | '),('15-1-1-090','Adarsh Pratap Singh','Indian','Student | '),('15-1-1-092','Rohit Ranjan Kumar','Indian','Student | '),('15-1-1-093','Arunodaya Mishra','Indian','Student | '),('15-1-1-094','Tejpal Singh','Indian','Student | '),('15-1-1-095','Krishna Kant Singhal','Indian','Student | '),('15-1-1-097','Prashant Awasthi','Indian','Student | '),('15-1-1-099','Heramb Pandey','Indian','Student | '),('15-1-1-100','Abhishek Jaisal','Indian','Student | '),('15-1-1-101','Uday Singh Meena','Indian','Student | '),('15-1-1-102','Puspendra Meena','Indian','Student | '),('15-1-1-103','Abhishek Kumar','Indian','Student | '),('15-1-1-104','Purusottam Kumar','Indian','Student | '),('15-1-1-106','Shivam','Indian','Student | '),('15-1-1-107','Arun Kumar Sardar','Indian','Student | '),('15-1-1-108','Bhumireddy Manikanta Sai Venkata Akhil','Indian','Student | '),('15-1-1-109','Aishwarya Bammidi','Indian','Student | '),('15-1-1-110','R N Millionstar','Indian','Student | '),('15-1-1-111','Digvijai Jaisawal','Indian','Student | '),('15-1-1-112','Manish','Indian','Student | '),('15-1-1-113','Ashok Kumar','Indian','Student | '),('15-1-1-114','Saket Ranjan','Indian','Student | '),('15-1-1-115','Liza Garga','Indian','Student | '),('15-1-1-116','Ranvijay Kumar','Indian','Student | '),('15-1-1-117','Prajjwal Shukla','Indian','Student | '),('15-1-1-118','Pappu Kumar Ranjan','Indian','Student | '),('15-1-1-119','Aditya Mishra','Indian','Student | '),('15-1-1-120','Pappu Kumar','Indian','Student | '),('15-1-1-121','Kumar Rajhansh','Indian','Student | '),('15-1-1-123','Binay Kumar','Indian','Student | '),('15-1-1-125','Ravi Ranjan','Indian','Student | '),('15-1-1-126','Ajit Kumar','Indian','Student | '),('15-1-1-127','Shivanand Chaurasia','Indian','Student | '),('15-1-1-128','Rajesh Kumar Meena','Indian','Student | '),('15-1-1-129','Sudhir Kumar Sah','Indian','Student | '),('15-1-1-130','Godala Pavan Kumar Reddy','Indian','Student | '),('15-1-1-131','Rajeev Ranjan','Indian','Student | '),('15-1-1-132','Nidarshana Neelam','Indian','Student | '),('15-1-1-133','Ashraful Islam','Indian','Student | '),('15-1-1-134','Arnab Boruah','Indian','Student | '),('15-1-2-001','Satajit Bhattacharjee','Indian','Student | '),('15-1-2-002','Hirakjyoti Deka','Indian','Student | '),('15-1-2-003','Kiran Sarkar','Indian','Student | '),('15-1-2-004','Bishal Chakraborty','Indian','Student | '),('15-1-2-005','Dulu Prasad Das','Indian','Student | '),('15-1-2-006','Akash Jyoti Saikia','Indian','Student | '),('15-1-2-007','Gaurav Kashyap','Indian','Student | '),('15-1-2-008','Debopriyo  Roy','Indian','Student | '),('15-1-2-009','Prittish Sutradhar','Indian','Student | '),('15-1-2-010','Parijat Choudhury','Indian','Student | '),('15-1-2-011','Madhurjya Keot','Indian','Student | '),('15-1-2-012','Pinkal Patar','Indian','Student | '),('15-1-2-014','Sourav Majumdar','Indian','Student | '),('15-1-2-015','Manabendra Das','Indian','Student | '),('15-1-2-016','Rahul Kumar Roy','Indian','Student | '),('15-1-2-017','Chaitanya Chandolia','Indian','Student | '),('15-1-2-020','Sushmita Basumatary','Indian','Student | '),('15-1-2-021','Shekhar Jyoti Nath','Indian','Student | '),('15-1-2-022','Nilim Kumar Konwar','Indian','Student | '),('15-1-2-023','Purushuttam Gogoi','Indian','Student | '),('15-1-2-024','Reetik Tripathy','Indian','Student | '),('15-1-2-025','Pradyumna','Indian','Student | '),('15-1-2-026','Dipjyoti Mazumder','Indian','Student | '),('15-1-2-027','Nur Mahammad Khandakar','Indian','Student | '),('15-1-2-028','Indraneel Das','Indian','Student | '),('15-1-2-029','Arunabh Chetia','Indian','Student | '),('15-1-2-030','Manash Gogoi','Indian','Student | '),('15-1-2-031','Ashish Meena','Indian','Student | '),('15-1-2-032','Duhita Choudhury','Indian','Student | '),('15-1-2-033','Manas Pratim Goutam','Indian','Student | '),('15-1-2-034','Bikram Jyoti Bora','Indian','Student | '),('15-1-2-035','Bijit Kumar Sarkar','Indian','Student | '),('15-1-2-037','Dhirendra Kumar','Indian','Student | '),('15-1-2-038','Prangan Bhattacharyya','Indian','Student | '),('15-1-2-039','Raj Das','Indian','Student | '),('15-1-2-040','Rajnandan Borthakur','Indian','Student | '),('15-1-2-041','Hrishikesh Boruah','Indian','Student | '),('15-1-2-042','Suraj Hazarika','Indian','Student | '),('15-1-2-043','Bhargav Deka','Indian','Student | '),('15-1-2-044','Swarup Raj Banik','Indian','Student | '),('15-1-2-045','Subhajit Kar','Indian','Student | '),('15-1-2-046','Tanay Lohia','Indian','Student | '),('15-1-2-047','Basanta Das','Indian','Student | '),('15-1-2-048','Sanjay Kumar Das','Indian','Student | '),('15-1-2-049','Dikam Deka','Indian','Student | '),('15-1-2-050','Amey Naik','Indian','Student | '),('15-1-2-051','Mukta Basumatary','Indian','Student | '),('15-1-2-053','Dishant Deka','Indian','Student | '),('15-1-2-054','Sasanka Sekhar Saikia','Indian','Student | '),('15-1-2-056','Kumar Sree Sai Siddharth Lolla','Indian','Student | '),('15-1-2-057','Panchajainya Gogoi','Indian','Student | '),('15-1-2-058','Debasish Borah','Indian','Student | '),('15-1-2-059','Debendu Singha','Indian','Student | '),('15-1-2-060','Himangshu Das','Indian','Student | '),('15-1-2-061','Chanchal Gupta','Indian','Student | '),('15-1-2-062','Omprakash Kumar','Indian','Student | '),('15-1-2-063','Pogiri Venkata Sai Sasidhar','Indian','Student | '),('15-1-2-064','Rohan Jangir','Indian','Student | '),('15-1-2-065','Kabir Baruah','Indian','Student | '),('15-1-2-066','Pratyush Hazarika','Indian','Student | '),('15-1-2-067','Karanjeet Gohain','Indian','Student | '),('15-1-2-068','Soumir Jyoti Duarah','Indian','Student | '),('15-1-2-069','Maruboena  Dayakar','Indian','Student | '),('15-1-2-070','Himanshu Jagarwad','Indian','Student | '),('15-1-2-071','Pradhan Rajkishor Anil','Indian','Student | '),('15-1-2-073','Tanmita Das','Indian','Student | '),('15-1-2-075','Siddhant Mohapatra','Indian','Student | '),('15-1-2-076','Brajesh Meena','Indian','Student | '),('15-1-2-078','Pranjal Kumar Maddheshia','Indian','Student | '),('15-1-2-079','Alphonse Daimari','Indian','Student | '),('15-1-2-080','Gudavalli Mukesh Gowd','Indian','Student | '),('15-1-2-081','Jishnu Jyoti Bordoloi','Indian','Student | '),('15-1-2-082','Syed Bubul Ahmed','Indian','Student | '),('15-1-2-083','Kuldeep Kumar','Indian','Student | '),('15-1-2-084','Md Saad Alam','Indian','Student | '),('15-1-2-085','Niraj Kumar','Indian','Student | '),('15-1-2-086','Ritu Raj','Indian','Student | '),('15-1-2-088','Anmol Agarwal','Indian','Student | '),('15-1-2-089','Shahid Ahmed','Indian','Student | '),('15-1-2-090','Mousam Kalita','Indian','Student | '),('15-1-2-091','Sumit Kumar','Indian','Student | '),('15-1-2-092','Ujjwal Kumar','Indian','Student | '),('15-1-2-094','Sandeep Singh','Indian','Student | '),('15-1-2-096','Rounak','Indian','Student | '),('15-1-2-097','Rahul Ross Susal','Indian','Student | '),('15-1-2-098','Ashish Kumar Baidya','Indian','Student | '),('15-1-2-099','Rahul Kumar','Indian','Student | '),('15-1-2-100','Aman Patel','Indian','Student | '),('15-1-2-103','Mitesh Agrawal','Indian','Student | '),('15-1-2-104','Chinmoy Samal','Indian','Student | '),('15-1-2-105','Dayanand','Indian','Student | '),('15-1-2-106','Anshul Verma','Indian','Student | '),('15-1-2-107','Jitumoni Choudhury','Indian','Student | '),('15-1-2-108','Amit Kumar','Indian','Student | '),('15-1-2-109','Pawan Kumar Singh','Indian','Student | '),('15-1-2-110','Chandan Kumar Yadav','Indian','Student | '),('15-1-2-112','Himanshu Agrawal','Indian','Student | '),('15-1-2-113','Hemant Vijay Sonawane','Indian','Student | '),('15-1-2-114','Md. Salman Hussain','Indian','Student | '),('15-1-2-115','Aman Bharti','Indian','Student | '),('15-1-2-116','Amit Kumar','Indian','Student | '),('15-1-2-117','Rokkam Kailash Nadh','Indian','Student | '),('15-1-2-118','Piyush  Kumar','Indian','Student | '),('15-1-2-119','Ambuj Singh','Indian','Student | '),('15-1-2-120','Saptomi Baruah','Indian','Student | '),('15-1-2-121','Prannoy Vikash Chandra','Indian','Student | '),('15-1-2-122','Amit Kumar','Indian','Student | '),('15-1-2-123','Neeraj Prasad Rizal','Indian','Student | '),('15-1-2-124','Amzad Amin Rahul','Indian','Student | '),('15-1-2-125','Somesh Kumar Gupta','Indian','Student | '),('15-1-3-001','Sabyasachi Das','Indian','Student | '),('15-1-3-002','Abhijit Kar','Indian','Student | '),('15-1-3-003','Suman Rajkumar','Indian','Student | '),('15-1-3-004','Saurabh Jyoti Debnath','Indian','Student | '),('15-1-3-005','Trinayan Kaushik Borah','Indian','Student | '),('15-1-3-007','Ritwick Kumar Das','Indian','Student | '),('15-1-3-008','Garga Sen','Indian','Student | '),('15-1-3-009','Biswaraj Das','Indian','Student | '),('15-1-3-010','Sahid Injamul Hussain','Indian','Student | '),('15-1-3-011','Saibatapa Sen','Indian','Student | '),('15-1-3-012','Anupam Bharti','Indian','Student | '),('15-1-3-013','Ranjoy Dutta','Indian','Student | '),('15-1-3-014','Nilutpal Gogoi','Indian','Student | '),('15-1-3-015','Nayanjyoti Chungkrang','Indian','Student | '),('15-1-3-016','Jepulina Borah','Indian','Student | '),('15-1-3-017','Anup Karmakar','Indian','Student | '),('15-1-3-018','Hifjur Rahman','Indian','Student | '),('15-1-3-019','Dharitri Gogoi','Indian','Student | '),('15-1-3-020','Ashim Kumar Goswami','Indian','Student | '),('15-1-3-021','Abinash Dutta','Indian','Student | '),('15-1-3-022','Lohit Agarwalla','Indian','Student | '),('15-1-3-023','Sanjay Basumatary','Indian','Student | '),('15-1-3-024','Himanshu Raj','Indian','Student | '),('15-1-3-026','Amrjyoti Deka','Indian','Student | '),('15-1-3-027','Jyotirmoy Das','Indian','Student | '),('15-1-3-028','Abhishek Bora','Indian','Student | '),('15-1-3-029','Raja Kumar','Indian','Student | '),('15-1-3-030','Puja Gogoi','Indian','Student | '),('15-1-3-031','Nihal Pegu','Indian','Student | '),('15-1-3-032','Jyoti Raj Mahanta','Indian','Student | '),('15-1-3-033','Abhishek Chatterjee','Indian','Student | '),('15-1-3-034','Kalpajyoti Biswas','Indian','Student | '),('15-1-3-036','Sagarika Rakshit','Indian','Student | '),('15-1-3-037','Mustaf Uddin Ahmed','Indian','Student | '),('15-1-3-040','Rubina Khan','Indian','Student | '),('15-1-3-041','Raginee Das','Indian','Student | '),('15-1-3-042','Megha Sharma','Indian','Student | '),('15-1-3-043','Prarthana Hazarika','Indian','Student | '),('15-1-3-044','Kundan Kumar','Indian','Student | '),('15-1-3-045','Rishov Krishna Baruah','Indian','Student | '),('15-1-3-046','Chiranjeet Das','Indian','Student | '),('15-1-3-049','Naina Sengyung','Indian','Student | '),('15-1-3-050','Joydev Barman','Indian','Student | '),('15-1-3-052','Bhaskar Jyoti Rajkhowa','Indian','Student | '),('15-1-3-053','Dipankar Barman','Indian','Student | '),('15-1-3-054','Pankaj Jyoti Das','Indian','Student | '),('15-1-3-055','Anish Paul','Indian','Student | '),('15-1-3-057','Kaustave Moni Borah','Indian','Student | '),('15-1-3-058','Pallab Bor Gohain','Indian','Student | '),('15-1-3-059','Sheikh Mehtab Hasan','Indian','Student | '),('15-1-3-060','Bhawana Sharma','Indian','Student | '),('15-1-3-062','Harshajit Roy','Indian','Student | '),('15-1-3-063','Taddi Tirumaleswara Sai','Indian','Student | '),('15-1-3-064','Nandini Sharma','Indian','Student | '),('15-1-3-065','Roshan Singhi','Indian','Student | '),('15-1-3-066','Madhurjya Borgohain','Indian','Student | '),('15-1-3-067','Abhijit Das','Indian','Student | '),('15-1-3-069','Praveen Prashant','Indian','Student | '),('15-1-3-070','G.Ravi Rao','Indian','Student | '),('15-1-3-071','Ujjwal Kumar Pathak','Indian','Student | '),('15-1-3-073','Swapnanil Das','Indian','Student | '),('15-1-3-074','Manuj Hazarika','Indian','Student | '),('15-1-3-076','Indra Kumar Meena','Indian','Student | '),('15-1-3-077','Abhay Garg','Indian','Student | '),('15-1-3-078','Saurav Kumar','Indian','Student | '),('15-1-3-079','Amrit Kumar','Indian','Student | '),('15-1-3-081','Shubham Mishra','Indian','Student | '),('15-1-3-082','Yogesh Gangwar','Indian','Student | '),('15-1-3-083','Purnima Verma','Indian','Student | '),('15-1-3-087','Shivam','Indian','Student | '),('15-1-3-090','Manas Dev Singh','Indian','Student | '),('15-1-3-091','Debagni Upadhyaya','Indian','Student | '),('15-1-3-094','Parmeshwar Singh','Indian','Student | '),('15-1-3-095','Rohit Kumar','Indian','Student | '),('15-1-3-096','Pinninti Naidu','Indian','Student | '),('15-1-3-097','Mude Mahesh Kumar Naik','Indian','Student | '),('15-1-3-098','Pallabi Barman','Indian','Student | '),('15-1-3-099','Anand Kumar','Indian','Student | '),('15-1-3-100','Jayashri Saloi','Indian','Student | '),('15-1-3-103','Rachna Kumari Bohra','Indian','Student | '),('15-1-3-105','Pankaj Mehra','Indian','Student | '),('15-1-3-107','Shekhar Kumar','Indian','Student | '),('15-1-3-108','Jyotirmaya Mahapatra','Indian','Student | '),('15-1-3-109','Prashant Priya','Indian','Student | '),('15-1-3-110','Vegi Trinadh Prasad','Indian','Student | '),('15-1-3-111','Rajnesh Singh','Indian','Student | '),('15-1-3-112','Zeeshan Athar','Indian','Student | '),('15-1-3-113','Anisha Kumari','Indian','Student | '),('15-1-3-114','Yashomitra Rath','Indian','Student | '),('15-1-3-115','Om Prakash','Indian','Student | '),('15-1-3-116','Saurav Verma','Indian','Student | '),('15-1-3-117','Jay Prakash Yadav','Indian','Student | '),('15-1-3-118','Murari Kumar','Indian','Student | '),('15-1-3-119','Kushal Arya','Indian','Student | '),('15-1-3-120','Joydeep Paul','Indian','Student | '),('15-1-3-121','Vishwajeet Yadav','Indian','Student | '),('15-1-3-122','Akash Jain','Indian','Student | '),('15-1-3-123','Praveen Bhaskar','Indian','Student | '),('15-1-3-124','Sunil Kumar','Indian','Student | '),('15-1-3-125','Abhishek Pal','Indian','Student | '),('15-1-3-126','Vineet Vaibhav','Indian','Student | '),('15-1-3-127','Ijaz Ahmed','Indian','Student | '),('15-1-3-129','Beauty Kumari','Indian','Student | '),('15-1-3-130','Bhavishya Kumar','Indian','Student | '),('15-1-3-132','Prashant Kumar','Indian','Student | '),('15-1-3-133','Suman Kumar','Indian','Student | '),('15-1-4-001','Bhaskar Ganguli','Indian','Student | '),('15-1-4-002','Sananda Nath','Indian','Student | '),('15-1-4-003','Anurag Dasgupta','Indian','Student | '),('15-1-4-004','Shah Alam Mazumder','Indian','Student | '),('15-1-4-005','Ratnadeep Das','Indian','Student | '),('15-1-4-006','Amitabha Deb','Indian','Student | '),('15-1-4-007','Murchana Phukan','Indian','Student | '),('15-1-4-008','Monseej Purkayastha','Indian','Student | '),('15-1-4-009','Nayan Jyoti Deka','Indian','Student | '),('15-1-4-010','Ratnadeep Sen','Indian','Student | '),('15-1-4-011','Nirupam Das','Indian','Student | '),('15-1-4-012','Anirban Roy','Indian','Student | '),('15-1-4-013','Arnab Jyoti Thakuria','Indian','Student | '),('15-1-4-014','Firdous Nasreen','Indian','Student | '),('15-1-4-015','Samarjit Ramchiary','Indian','Student | '),('15-1-4-016','Debaratna Nath','Indian','Student | '),('15-1-4-017','Mayukh Paul','Indian','Student | '),('15-1-4-018','Dahatonde Akshay Vishwas','Indian','Student | '),('15-1-4-019','Kunal Sarkar','Indian','Student | '),('15-1-4-020','Dhanshree Maroti','Indian','Student | '),('15-1-4-021','Ujjayini Chakravarty','Indian','Student | '),('15-1-4-022','Hiren Tayung ','Indian','Student | '),('15-1-4-023','Richa Neog','Indian','Student | '),('15-1-4-024','Bedanta Bikash Nath','Indian','Student | '),('15-1-4-026','Ridhi Lahon','Indian','Student | '),('15-1-4-027','Ekansh Goyal','Indian','Student | '),('15-1-4-028','Aakankshya Das','Indian','Student | '),('15-1-4-029','Bipul Nath','Indian','Student | '),('15-1-4-030','Partha Pratim Goswami','Indian','Student | '),('15-1-4-031','Bikash Nath','Indian','Student | '),('15-1-4-033','Ajay Singh','Indian','Student | '),('15-1-4-034','Khyati Chandra','Indian','Student | '),('15-1-4-035','Pranay Jain','Indian','Student | '),('15-1-4-036','Amlan Jyoti Dutta','Indian','Student | '),('15-1-4-037','Versha Verma','Indian','Student | '),('15-1-4-038','Raghav Sharma','Indian','Student | '),('15-1-4-039','Abinash Das','Indian','Student | '),('15-1-4-040','Khanjan Choudhury','Indian','Student | '),('15-1-4-041','Monoj Kumar Nandy','Indian','Student | '),('15-1-4-042','Nitu Mani Rajbongshi','Indian','Student | '),('15-1-4-043','Binoy Oli','Indian','Student | '),('15-1-4-044','Hirak Jyoti Dutta','Indian','Student | '),('15-1-4-045','Rizwan Ahmed','Indian','Student | '),('15-1-4-046','Subhankur Chakrabarty','Indian','Student | '),('15-1-4-047','Shashank Kumar','Indian','Student | '),('15-1-4-048','Shaik Shahrukh Sohail','Indian','Student | '),('15-1-4-049','Bhargav Doley','Indian','Student | '),('15-1-4-050','Kaustavmoni Nath','Indian','Student | '),('15-1-4-051','Ayush Prakash','Indian','Student | '),('15-1-4-052','Ritik Singh','Indian','Student | '),('15-1-4-053','Shubhajyoti Sengupta','Indian','Student | '),('15-1-4-054','Mannam Sujith Sampath','Indian','Student | '),('15-1-4-056','Anmun Chetry','Indian','Student | '),('15-1-4-058','Mah Bubul Islam','Indian','Student | '),('15-1-4-059','Dibos Dey','Indian','Student | '),('15-1-4-061','Nallabothula Stevenson','Indian','Student | '),('15-1-4-062','Akshayarka Alammyan Deka','Indian','Student | '),('15-1-4-064','Prabal Sarma','Indian','Student | '),('15-1-4-065','Sourav Das','Indian','Student | '),('15-1-4-066','Sabir Hussain','Indian','Student | '),('15-1-4-067','Victor Das','Indian','Student | '),('15-1-4-068','Ratul Pegu','Indian','Student | '),('15-1-4-070','Mohammed Muskaan Suhana','Indian','Student | '),('15-1-4-071','Anjon Roy','Indian','Student | '),('15-1-4-072','Neelkamal Semwal','Indian','Student | '),('15-1-4-073','Abhishek Katheriya','Indian','Student | '),('15-1-4-074','Tarun Kumar Das','Indian','Student | '),('15-1-4-075','Debojit Roy','Indian','Student | '),('15-1-4-076','Kumar Saurav','Indian','Student | '),('15-1-4-077','Subham Tulshan','Indian','Student | '),('15-1-4-078','Shashwat Mishra','Indian','Student | '),('15-1-4-079','Sibani Deka','Indian','Student | '),('15-1-4-080','Abhishek Rathaur','Indian','Student | '),('15-1-4-082','Viveka Kumar','Indian','Student | '),('15-1-4-084','Aishwarya Dubey','Indian','Student | '),('15-1-4-086','Amisha Goyal','Indian','Student | '),('15-1-4-087','Donka Ramesh','Indian','Student | '),('15-1-4-088','Guguloth Sandeep Nayak','Indian','Student | '),('15-1-4-089','Kocherla Ashok Kumar','Indian','Student | '),('15-1-4-090','Kishan Dewri','Indian','Student | '),('15-1-4-093','K.Pavani','Indian','Student | '),('15-1-4-094','Omprakash Arya','Indian','Student | '),('15-1-4-095','Maturi Surya Manoj','Indian','Student | '),('15-1-4-096','Solleti Hanuman Reddy','Indian','Student | '),('15-1-4-097','Ramnivas Meena','Indian','Student | '),('15-1-4-098','Tejash Prakash','Indian','Student | '),('15-1-4-099','Sonu Kumar Chaupal','Indian','Student | '),('15-1-4-100','Desula Uma Maheswara Rao','Indian','Student | '),('15-1-4-101','Pramod Singh Yadav','Indian','Student | '),('15-1-4-102','Kodirekka Sujith Kumar','Indian','Student | '),('15-1-4-105','Kantubhukta Rahul ','Indian','Student | '),('15-1-4-106','Gandla Rohith','Indian','Student | '),('15-1-4-108','Kadiyala Ravindra','Indian','Student | '),('15-1-4-109','Sajal Gupta ','Indian','Student | '),('15-1-4-110','Rakshith A','Indian','Student | '),('15-1-4-111','Vaddi Naga Sri Devi ','Indian','Student | '),('15-1-4-112','Pranjal Sharma','Indian','Student | '),('15-1-4-113','Rashmi Datta','Indian','Student | '),('15-1-4-114','Tamanampudi Krishna Manohar Reddy','Indian','Student | '),('15-1-4-115','Eluri Bhanu Prakash','Indian','Student | '),('15-1-4-116','Dowluri Shyam','Indian','Student | '),('15-1-4-117','Kamal Kant Gautam','Indian','Student | '),('15-1-4-118','Gajendra Kumar Paswan','Indian','Student | '),('15-1-4-119','Laghumavarapu J V Anantha Tulasi Ram','Indian','Student | '),('15-1-4-120','Arya Anshy','Indian','Student | '),('15-1-4-121','Divyanshu Verma','Indian','Student | '),('15-1-4-122','Amrit Priydarshi','Indian','Student | '),('15-1-4-123','Shivam Tiwari','Indian','Student | '),('15-1-4-124','Penchala Preethi','Indian','Student | '),('15-1-4-125','Ayush Pandey','Indian','Student | '),('15-1-4-126','Akshita Gadhi Raju','Indian','Student | '),('15-1-4-127','Shilpa Kumari ','Indian','Student | '),('15-1-5-001','Sutanay Bhattacharjee','Indian','Student | '),('15-1-5-002','Rahul Kumar Rai','Indian','Student | '),('15-1-5-003','Nishank Das','Indian','Student | '),('15-1-5-004','Anuvesh Kumar','Indian','Student | '),('15-1-5-005','Tania Sarkar','Indian','Student | '),('15-1-5-006','Ashwin Bansal','Indian','Student | '),('15-1-5-007','Sagar Rakshit','Indian','Student | '),('15-1-5-008','Debarshi Choudhury','Indian','Student | '),('15-1-5-009','Dhiman Sarma','Indian','Student | '),('15-1-5-010','Asha Rani Gogoi','Indian','Student | '),('15-1-5-012','Gaurima Das','Indian','Student | '),('15-1-5-013','Rohit Upadhya','Indian','Student | '),('15-1-5-014','Sumit Kumar','Indian','Student | '),('15-1-5-015','Bhaskar Mondal','Indian','Student | '),('15-1-5-016','Gummadi Haripriya','Indian','Student | '),('15-1-5-017','Puberun Boruah','Indian','Student | '),('15-1-5-018','Beauty Kumari Sahu','Indian','Student | '),('15-1-5-019','Mrinmoy Brahma','Indian','Student | '),('15-1-5-020','Boddinagula Sanjeeth','Indian','Student | '),('15-1-5-021','Raktim Prabal Das','Indian','Student | '),('15-1-5-022','Ravi Prakash Ravi','Indian','Student | '),('15-1-5-023','Abhijeet Singh','Indian','Student | '),('15-1-5-024','Amrita Das','Indian','Student | '),('15-1-5-025','Prantik Parashar Sarmah','Indian','Student | '),('15-1-5-026','Sandeep Sarmah','Indian','Student | '),('15-1-5-027','Nayan Jyoti Bayan','Indian','Student | '),('15-1-5-028','Deepak Janmanchi','Indian','Student | '),('15-1-5-029','Barneel Phukan','Indian','Student | '),('15-1-5-030','Neeraj Shivam','Indian','Student | '),('15-1-5-031','Nipan Das','Indian','Student | '),('15-1-5-032','Amlan Jyoti Das','Indian','Student | '),('15-1-5-033','Mriganga Deka','Indian','Student | '),('15-1-5-034','Bhargav Aditya Rajiv','Indian','Student | '),('15-1-5-035','Samannay Mahanta','Indian','Student | '),('15-1-5-036','Lokesh Khaitan','Indian','Student | '),('15-1-5-037','Aditya Kumar Singh','Indian','Student | '),('15-1-5-038','Aishwariya Singha Roy','Indian','Student | '),('15-1-5-039','Saurabh Kumar','Indian','Student | '),('15-1-5-040','Surnedi Akhil','Indian','Student | '),('15-1-5-041','Gojja Sreekeshav','Indian','Student | '),('15-1-5-042','Abhigyan Kashyap','Indian','Student | '),('15-1-5-043','Anjali Kumari','Indian','Student | '),('15-1-5-044','Harsh Agarwal','Indian','Student | '),('15-1-5-045','Nupur Tiwari','Indian','Student | '),('15-1-5-046','Rohan Deb','Indian','Student | '),('15-1-5-047','Sanjay Prajapat','Indian','Student | '),('15-1-5-048','Tirtha Chetry','Indian','Student | '),('15-1-5-049','Darpan Jyoti Bora','Indian','Student | '),('15-1-5-050','Rishabh Pincha','Indian','Student | '),('15-1-5-051','Jeet Jain','Indian','Student | '),('15-1-5-052','Jhantu Das','Indian','Student | '),('15-1-5-053','Nijwmsan Narzary','Indian','Student | '),('15-1-5-054','Astha Gangwal','Indian','Student | '),('15-1-5-055','Purushottam Gaudel','Indian','Student | '),('15-1-5-056','Tulrose Deori','Indian','Student | '),('15-1-5-057','Mrinmay Mukherjee','Indian','Student | '),('15-1-5-059','Subham Kamalapuri','Indian','Student | '),('15-1-5-060','Surajit Dey','Indian','Student | '),('15-1-5-061','Subodra Banik','Indian','Student | '),('15-1-5-062','Venkatesh Upadhyay','Indian','Student | '),('15-1-5-063','Sanjeev Kumar','Indian','Student | '),('15-1-5-064','Hemant Kumar','Indian','Student | '),('15-1-5-065','Apurbajyoti Das','Indian','Student | '),('15-1-5-066','Surendra Kumar','Indian','Student | '),('15-1-5-067','Rangamreddy Aravind Kumar Reddy','Indian','Student | '),('15-1-5-069','Vakkala Manoj Kumar','Indian','Student | '),('15-1-5-070','R Monish','Indian','Student | '),('15-1-5-072','Vikash Kumar','Indian','Student | '),('15-1-5-073','Atul Singh Rana','Indian','Student | '),('15-1-5-074','Ajay Ladhar','Indian','Student | '),('15-1-5-075','Kamlesh Biswal','Indian','Student | '),('15-1-5-078','Mahwish','Indian','Student | '),('15-1-5-079','Basani Shiva Gnaneshwara Murthy','Indian','Student | '),('15-1-5-080','Himanshu Dhakrey','Indian','Student | '),('15-1-5-081','Avanish Kumar','Indian','Student | '),('15-1-5-082','Guguloth Vishnuvardhan','Indian','Student | '),('15-1-5-083','Rajesh Raman Bosak','Indian','Student | '),('15-1-5-084','Ayush Nayak','Indian','Student | '),('15-1-5-085','Kumar Piyush','Indian','Student | '),('15-1-5-086','Yadlapalli Shanmukha Srinivas','Indian','Student | '),('15-1-5-087','Vadithya Bharath Naik','Indian','Student | '),('15-1-5-088','Sribastav Rajguru','Indian','Student | '),('15-1-5-089','Rohan Khunteta','Indian','Student | '),('15-1-5-090','Chaitanya Sharma','Indian','Student | '),('15-1-5-091','Hillul Saikia','Indian','Student | '),('15-1-5-092','Kundan Kishor','Indian','Student | '),('15-1-5-093','Prabhudatta Kar','Indian','Student | '),('15-1-5-094','Mreenav Shyam Deka','Indian','Student | '),('15-1-5-095','Abhishek Dhaul Puria','Indian','Student | '),('15-1-5-096','Gaurav Kandpal','Indian','Student | '),('15-1-5-097','Bhattacharyya Trisha Prasenjit','Indian','Student | '),('15-1-5-098','Disha Mohanty','Indian','Student | '),('15-1-5-099','Prachi Mathur','Indian','Student | '),('15-1-5-100','Vishal Vikram Singh','Indian','Student | '),('15-1-5-101','Kanasani Monica','Indian','Student | '),('15-1-5-102','Praneet','Indian','Student | '),('15-1-5-103','Sai Sachin Vutukuri','Indian','Student | '),('15-1-6-001','Nirban Roy','Indian','Student | '),('15-1-6-002','Debajit Das','Indian','Student | '),('15-1-6-003','Amlanjyoti Konwar','Indian','Student | '),('15-1-6-005','Anindita Das','Indian','Student | '),('15-1-6-006','Parashar Ghosh','Indian','Student | '),('15-1-6-008','Shyamal J Buragohain','Indian','Student | '),('15-1-6-010','Anirban Paul','Indian','Student | '),('15-1-6-011','Amlanjyoti Borah','Indian','Student | '),('15-1-6-012','Debaditya Kashyap','Indian','Student | '),('15-1-6-013','Jyotiman Lahkar','Indian','Student | '),('15-1-6-015','Jyotimoi Ramchiary','Indian','Student | '),('15-1-6-016','Rajat Saha','Indian','Student | '),('15-1-6-017','Uditya Bayan','Indian','Student | '),('15-1-6-018','Utpal Borgohain','Indian','Student | '),('15-1-6-020','Ellora Kalita','Indian','Student | '),('15-1-6-021','Arif Ahmed','Indian','Student | '),('15-1-6-022','Debasish Nath','Indian','Student | '),('15-1-6-023','Tonmoy Das','Indian','Student | '),('15-1-6-027','Uddipta Chutia','Indian','Student | '),('15-1-6-028','Shubham Singh','Indian','Student | '),('15-1-6-032','Tushar Vatsa','Indian','Student | '),('15-1-6-034','Ripom Paul','Indian','Student | '),('15-1-6-040','Ankita Roy','Indian','Student | '),('15-1-6-041','Dasari A Vivek Rai','Indian','Student | '),('15-1-6-042','Chetram Meena','Indian','Student | '),('15-1-6-045','Sahadev Singha','Indian','Student | '),('15-1-6-046','Sumit Kumar Tiwari','Indian','Student | '),('15-1-6-047','S. Pravin','Indian','Student | '),('15-1-6-048','Dhruba Jyoti Kalita','Indian','Student | '),('15-1-6-049','Arnab Jan Sarmah','Indian','Student | '),('15-1-6-051','Arindam Chetia','Indian','Student | '),('15-1-6-052','Atul Kumar','Indian','Student | '),('15-1-6-053','Nurajbul Rahman','Indian','Student | '),('15-1-6-054','Nitish Dash','Indian','Student | '),('15-1-6-055','Moirangthem James Singh','Indian','Student | '),('15-1-6-056','Ayan Neel Medhi','Indian','Student | '),('15-1-6-057','Shambhavi Upadhyay','Indian','Student | '),('15-1-6-058','Sukriti Swarupa','Indian','Student | '),('15-1-6-059','Jay Prakash','Indian','Student | '),('15-1-6-060','Vikash Kumar Das','Indian','Student | '),('15-1-6-061','Debashish Saha','Indian','Student | '),('15-1-6-062','Raju Sharma','Indian','Student | '),('15-1-6-063','Bhukya Eshwar Naik','Indian','Student | '),('15-1-6-064','Duduku Vinay Kumar','Indian','Student | '),('15-1-6-065','Vimalendu Shekhar','Indian','Student | '),('15-1-6-066','Deepesh Kumar','Indian','Student | '),('15-1-6-067','Shiv Pratap Mishra','Indian','Student | '),('15-1-6-068','Amit Kumar','Indian','Student | '),('15-1-6-069','Animesh Anand','Indian','Student | '),('15-1-6-070','Pawar Sudham','Indian','Student | '),('15-1-6-071','Cheppala Siddartha','Indian','Student | '),('15-1-6-072','Abhinav Asthana','Indian','Student | '),('15-13-093','Rohit Prajapati','Indian','Student | '),('15-23-107','Neeraj Kumar Mahto','Indian','Student'),('15-3-01-101','Snehansu Nath','Indian','Student'),('15-3-01-102','Ms. Jayashree Pal','Indian','Student'),('15-3-01-103','Karthik  R','Indian','Student'),('15-3-01-104','Saikat Deb','Indian','Student'),('15-3-01-105','Abir Sarkar','Indian','Student'),('15-3-01-106','Pritam Hait','Indian','Student'),('15-3-01-107','Arindam Saha','Indian','Student'),('15-3-01-108','Kamal Sukla Baidya','Indian','Student'),('15-3-01-109','Sourav Das','Indian','Student'),('15-3-01-110','Abhinaba Paul','Indian','Student'),('15-3-01-111','Ms. Shehnaz Ara Rahman','Indian','Student'),('15-3-01-112','Subhrajyoti Deb','Indian','Student'),('15-3-01-113','Ms. Shulanki Pal','Indian','Student'),('15-3-01-114','Sayan Kumar Shaw','Indian','Student'),('15-3-01-115','Ms. Manita Das','Indian','Student'),('15-3-01-117','Umesh Kumar Das','Indian','Student'),('15-3-01-118',' Prasenjit Saha','Indian','Student'),('15-3-01-119','Ms. Mitali Saharia','Indian','Student'),('15-3-02-101','Sanjay Kumar Gupta ','Indian','Student'),('15-3-02-102','Sumit Das Lala','Indian','Student'),('15-3-02-103','Ms. Payel Deb','Indian','Student'),('15-3-02-104','Ms. Mithinga Basumatary','Indian','Student'),('15-3-02-106','Ms. Saheera Azmi Hazarika','Indian','Student'),('15-3-02-107','Nazrul Islam Khan','Indian','Student'),('15-3-02-108','Pannalal Choudhury','Indian','Student'),('15-3-02-109','Mohd Zeeshan','Indian','Student'),('15-3-02-110','Noor Alam','Indian','Student'),('15-3-02-111','Tapas Debnath','Indian','Student'),('15-3-02-113','Abhijit Borah','Indian','Student'),('15-3-02-114','Debayan Dasgupta','Indian','Student'),('15-3-02-115','Suman Debnath','Indian','Student'),('15-3-02-116','Bishal Podder','Indian','Student'),('15-3-02-117','Kanak Chandra Sarma','Indian','Student'),('15-3-02-118','Siddhartha Kar','Indian','Student'),('15-3-02-119','Hussain Mahamed Sahed Mostafa Mazarbhuiya','Indian','Student'),('15-3-02-120','Maisanam Anil Kumar Singh','Indian','Student'),('15-3-02-121','Emon Barua','Indian','Student'),('15-3-02-122','Monoja Kumar Sahu','Indian','Student'),('15-3-03-101','Nalini Prasad Mohanty','Indian','Student'),('15-3-03-102','Debasis  Tripathy','Indian','Student'),('15-3-03-103','Amar Kumar Barik','Indian','Student'),('15-3-03-105','Anirudh Nath ','Indian','Student'),('15-3-03-106','Ms. Dipanwita Debnath','Indian','Student'),('15-3-03-107','Ms. Namita Boruah','Indian','Student'),('15-3-03-109','Abdul Kayom Md Khairuzzaman','Indian','Student'),('15-3-03-110',' Inamul Hussain','Indian','Student'),('15-3-03-112','Ankur Jain','Indian','Student'),('15-3-03-113','Ms. Rumi Rajbongshi','Indian','Student'),('15-3-03-114','Haobam Jaillendro Khuman','Indian','Student'),('15-3-03-115','Debdeep Saha','Indian','Student'),('15-3-03-116','Sudhanshu Ranjan','Indian','Student'),('15-3-03-117','Paul Thomas','Indian','Student'),('15-3-03-118','Soumyabrata Das','Indian','Student'),('15-3-03-119','Animesh Roy','Indian','Student'),('15-3-03-120','Kshetrimayum Robert Singh','Indian','Student'),('15-3-03-121','Debashish Dash','Indian','Student'),('15-3-03-122','Avtar Singh','Indian','Student'),('15-3-03-123','Tirumalasetty Chiranjeevi','Indian','Student'),('15-3-03-124','Ramesh Kumar','Indian','Student'),('15-3-03-125','Subhasish Deb','Indian','Student'),('15-3-03-126','Mayur Barman','Indian','Student'),('15-3-03-127','Ms. Washima Tasnin ','Indian','Student'),('15-3-03-128','Chinmaya Behera','Indian','Student'),('15-3-04-103','Suman Kumar Mitra','Indian','Student'),('15-3-04-104','Ms. Pratistha Brahma','Indian','Student'),('15-3-04-105','Ms. Songhita Misra                         ','Indian','Student'),('15-3-04-106','Manir Ahmed                                     ','Indian','Student'),('15-3-04-107','Mohammed Azharuddin Laskar','Indian','Student'),('15-3-04-108','Abhishek Majumder                    ','Indian','Student'),('15-3-04-109','Naorem Yaipharenba Meitei','Indian','Student'),('15-3-04-110','Shanidul Hoque','Indian','Student'),('15-3-04-111','Bhargab Sinha                                   ','Indian','Student'),('15-3-04-112','Ms. Arifa Ahmed','Indian','Student'),('15-3-04-114','Rajeev Kumar ','Indian','Student'),('15-3-04-117','Abhijyoti Ghosh','Indian','Student'),('15-3-04-122','Ms. Paramita Sarkar','Indian','Student'),('15-3-04-123','Abhigyan Ganguly','Indian','Student'),('15-3-05-101','Prasenjit Kumar Das','Indian','Student'),('15-3-05-102','Ms. Arpita Dutta                      ','Indian','Student'),('15-3-05-104','Sulabh Katiyar','Indian','Student'),('15-3-05-105','Ms. Manomita Chakraborty','Indian','Student'),('15-3-05-106','Ms. Saswati Debnath','Indian','Student'),('15-3-05-107','Ms. Monali Bordoloi','Indian','Student'),('15-3-05-108','Yumnam Surajkanta','Indian','Student'),('15-3-05-109','Himanish Shekhar Das','Indian','Student'),('15-3-06-101','Dhruba Jyoti Bora','Indian','Student'),('15-3-06-102','Rhittwikraj Moudgollya','Indian','Student'),('15-3-06-103','Piyush Kant                                ','Indian','Student'),('15-3-06-104','Neeraj Kumar Singh                  ','Indian','Student'),('15-3-06-105','Pankaj Saha','Indian','Student'),('15-3-06-106',' Mohd. Atif Siddiqui','Indian','Student'),('15-3-06-107','Abhishek Yadav','Indian','Student'),('15-3-22-101','Ajoy Dutta','Indian','Student'),('15-3-22-102','Biplab Singha','Indian','Student'),('15-3-22-103','Ms. Sangita Saha','Indian','Student'),('15-3-22-104','Biplab Dhar','Indian','Student'),('15-3-23-101','Ms. Arijita Paul','Indian','Student'),('15-3-23-102','Subir Kumar Maiti','Indian','Student'),('15-3-23-103','Dipyaman Mohanta','Indian','Student'),('15-3-23-104','Ms. Madhumita Patar','Indian','Student'),('15-3-23-105','Ms. Arpita Paul Chowdhury','Indian','Student'),('15-3-23-107','Ms. Aayushi Biswas','Indian','Student'),('15-3-24-101','Koustav Kashyap Gogoi','Indian','Student'),('15-3-24-102','Ms. Manjula G. Nair','Indian','Student'),('15-3-24-103','Abinash Das','Indian','Student'),('16-1-1-001','Ashesh Choudhury','Indian','Student | '),('16-1-1-002','Ridon Prasad Kakoti','Indian','Student | '),('16-1-1-004','Praveen','Indian','Student | '),('16-1-1-005','Ashish Borah','Indian','Student | '),('16-1-1-006','Rupjilika Timungpi','Indian','Student | '),('16-1-1-007','Rohit Kashyap','Indian','Student | '),('16-1-1-008','Manprit Singh','Indian','Student | '),('16-1-1-009','Mriganka Senapati','Indian','Student | '),('16-1-1-010','Ankit Borgohain','Indian','Student | '),('16-1-1-011','Radhakanta Irom','Indian','Student | '),('16-1-1-012','Biprasish Paul Choudhury','Indian','Student | '),('16-1-1-013','Koustavjit Sarma','Indian','Student | '),('16-1-1-014','Parashmani Das','Indian','Student | '),('16-1-1-015','Rohit Kumar','Indian','Student | '),('16-1-1-016','Dimpi Das','Indian','Student | '),('16-1-1-017','Samujwal Talukdar','Indian','Student | '),('16-1-1-018','Shikher Chitransh Srivastav','Indian','Student | '),('16-1-1-019','Gyandeep Das','Indian','Student | '),('16-1-1-020','Mayank Raj Singh','Indian','Student | '),('16-1-1-021','Palash Kalita','Indian','Student | '),('16-1-1-022','Niraj Kumar Mundhra','Indian','Student | '),('16-1-1-023','Shyam Kumar','Indian','Student | '),('16-1-1-024','Pulkit Kumar','Indian','Student | '),('16-1-1-025','Vaibhav Kumar','Indian','Student | '),('16-1-1-026','Manash Pratim Haloi','Indian','Student | '),('16-1-1-027','Jagdeeshi Meena','Indian','Student | '),('16-1-1-028','Tonmoy Kumar Sharma','Indian','Student | '),('16-1-1-029','Kailash Kumar Chaliha','Indian','Student | '),('16-1-1-030','Anurag Nandan Nath','Indian','Student | '),('16-1-1-032','Ashish Kumar Gupta','Indian','Student | '),('16-1-1-033','Aman Kumar Sahu','Indian','Student | '),('16-1-1-034','Sasangka Saikia','Indian','Student | '),('16-1-1-035','Pallob Borah','Indian','Student | '),('16-1-1-036','Vijay Bharnawa','Indian','Student | '),('16-1-1-037','Pulakesh Kumar Das','Indian','Student | '),('16-1-1-038','Arindam Borah','Indian','Student | '),('16-1-1-039','Anubhav Das','Indian','Student | '),('16-1-1-040','Annesha Gogoi','Indian','Student | '),('16-1-1-041','Amlan Deori','Indian','Student | '),('16-1-1-042','Amlandeep Saikia','Indian','Student | '),('16-1-1-043','Aman Boruah Das','Indian','Student | '),('16-1-1-045','Vivek Kumar','Indian','Student | '),('16-1-1-046','Subham Kumar','Indian','Student | '),('16-1-1-049','Rohit Jagariya','Indian','Student | '),('16-1-1-050','Adarsh Kumar','Indian','Student | '),('16-1-1-051','Ravi Ranjan Kumar','Indian','Student | '),('16-1-1-052','Suryamanyam Kumar','Indian','Student | '),('16-1-1-053','Ravi Kumar','Indian','Student | '),('16-1-1-054','Shyamnandan Kumar','Indian','Student | '),('16-1-1-055','Sanjay Kumar Meena','Indian','Student | '),('16-1-1-056','Keshu Bhai Patel','Indian','Student | '),('16-1-1-057','Yash Dhakre','Indian','Student | '),('16-1-1-058','Arun Rai','Indian','Student | '),('16-1-1-059','Debabrata Biswal','Indian','Student | '),('16-1-1-060','Sachin Kumar Mahla','Indian','Student | '),('16-1-1-061','Trivendram','Indian','Student | '),('16-1-1-062','Boddu Poojitha','Indian','Student | '),('16-1-1-063','Arun Subba','Indian','Student | '),('16-1-1-064','Sasanka Das','Indian','Student | '),('16-1-1-065','Soumyajit Modak','Indian','Student | '),('16-1-1-067','Kartikey Dev Singh','Indian','Student | '),('16-1-1-068','Saligommula Mahendra Adityanath','Indian','Student | '),('16-1-1-069','Kumar Saksham','Indian','Student | '),('16-1-1-070','Antareep Kumar Sarma','Indian','Student | '),('16-1-1-071','Ritvika Pareek','Indian','Student | '),('16-1-1-072','Vineet Kumar Yadav','Indian','Student | '),('16-1-1-073','Juher Abbas Choudhury','Indian','Student | '),('16-1-1-074','Rachna Gupta','Indian','Student | '),('16-1-1-076','Siddhartha Kalita','Indian','Student | '),('16-1-1-077','Dhritiman Pathak','Indian','Student | '),('16-1-1-078','Sushil Kumar Sharma','Indian','Student | '),('16-1-1-079','Niranjan Kumar','Indian','Student | '),('16-1-1-080','Bidisha Taye','Indian','Student | '),('16-1-1-081','Abhishek Chauhan','Indian','Student | '),('16-1-1-082','Himangshu Bora','Indian','Student | '),('16-1-1-083','Ravi Prakash','Indian','Student | '),('16-1-1-084','Sure Revanth Krishna','Indian','Student | '),('16-1-1-085','Prabhat Kumar Singh','Indian','Student | '),('16-1-1-086','Anubhav Kashyap Das','Indian','Student | '),('16-1-1-087','Poluka Sucharitha','Indian','Student | '),('16-1-1-088','Bhargab Jyoti Das','Indian','Student | '),('16-1-1-089','Kamlesh Kumar','Indian','Student | '),('16-1-1-092','Subhash Kumar','Indian','Student | '),('16-1-1-093','Rajdeep Das','Indian','Student | '),('16-1-1-094','Nimisha Parasar','Indian','Student | '),('16-1-1-095','Aishwary Pratap Singh','Indian','Student | '),('16-1-1-096','Satyam Kumar','Indian','Student | '),('16-1-1-097','Ishan Tripathi','Indian','Student | '),('16-1-1-098','Virendra Kumar Meena','Indian','Student | '),('16-1-1-099','Imkongangnen  Pongener','Indian','Student | '),('16-1-1-100','Anil Kumar Panda','Indian','Student | '),('16-1-1-101','Siddharth Bhanja','Indian','Student | '),('16-1-1-102','Gaurav Jain','Indian','Student | '),('16-1-1-103','Muhsina Shirin Barbhuiya','Indian','Student | '),('16-1-1-104','Shravan Kumar','Indian','Student | '),('16-1-1-105','Partha Pratim Kashyap','Indian','Student | '),('16-1-1-106','Vivek Rai','Indian','Student | '),('16-1-1-107','Kanhaiya Lal Patidar','Indian','Student | '),('16-1-1-108','Md. Robiul Karim ','Indian','Student | '),('16-1-2-001','Dipu Das','Indian','Student | '),('16-1-2-002','Dupal Jit Das','Indian','Student | '),('16-1-2-003','Anupam Das','Indian','Student | '),('16-1-2-004','Madhurjya Kumar Nath','Indian','Student | '),('16-1-2-005','Rohit Kamal Saha','Indian','Student | '),('16-1-2-006','Mast Niroj Kumar Acharjee','Indian','Student | '),('16-1-2-007','Shahbaz Hussain','Indian','Student | '),('16-1-2-008','Penumaka Vivek','Indian','Student | '),('16-1-2-009','Siddharth Chandra','Indian','Student | '),('16-1-2-010','Darshan Das','Indian','Student | '),('16-1-2-011','Debashish Deka','Indian','Student | '),('16-1-2-012','Angshuman Saikia','Indian','Student | '),('16-1-2-013','Nishan Deb','Indian','Student | '),('16-1-2-014','Rituraj Barman','Indian','Student | '),('16-1-2-015','Alongbar Boro','Indian','Student | '),('16-1-2-016','Koushik Kashyap Saikia','Indian','Student | '),('16-1-2-017','Nilabh Sarma','Indian','Student | '),('16-1-2-018','Rajib Nath','Indian','Student | '),('16-1-2-019','Teny M Shaji','Indian','Student | '),('16-1-2-020','Arnab Roy','Indian','Student | '),('16-1-2-021','Sampriti Borah','Indian','Student | '),('16-1-2-022','Amit Kumar','Indian','Student | '),('16-1-2-024','Bhaskar Gope','Indian','Student | '),('16-1-2-025','Gaurav Kumar','Indian','Student | '),('16-1-2-026','Namrata Sarania','Indian','Student | '),('16-1-2-027','Neeraj Das','Indian','Student | '),('16-1-2-028','Sanju Paul','Indian','Student | '),('16-1-2-029','Karanam Kethan','Indian','Student | '),('16-1-2-030','Prachi Tripathi','Indian','Student | '),('16-1-2-031','Tanaz Ahmed','Indian','Student | '),('16-1-2-032','Vikash','Indian','Student | '),('16-1-2-033','Gourab Dutta','Indian','Student | '),('16-1-2-034','Nishant Kumar Gupta','Indian','Student | '),('16-1-2-035','Abhishek Kumar','Indian','Student | '),('16-1-2-036','Vivek Seal','Indian','Student | '),('16-1-2-037','Animesh Gupta','Indian','Student | '),('16-1-2-038','Jachika Sonowal','Indian','Student | '),('16-1-2-039','Sanjeev Kumar','Indian','Student | '),('16-1-2-040','Nikita Roy','Indian','Student | '),('16-1-2-041','Lakhya Jyoti Bora','Indian','Student | '),('16-1-2-042','Manas Sonowal','Indian','Student | '),('16-1-2-043','Shubham Goel','Indian','Student | '),('16-1-2-044','Biswadeep Kayshyap','Indian','Student | '),('16-1-2-045','Soumyadeep Paul','Indian','Student | '),('16-1-2-046','Priyam Bhardwaj','Indian','Student | '),('16-1-2-047','Navadeep Ranjan Nath','Indian','Student | '),('16-1-2-048','Dhritikesh Das','Indian','Student | '),('16-1-2-049','Pratyush Pratap Saikia','Indian','Student | '),('16-1-2-050','Deepjyoti Rajbongshi','Indian','Student | '),('16-1-2-051','Vakalapudi S S Raghavendra','Indian','Student | '),('16-1-2-052','Mannam Harsha Vardhan','Indian','Student | '),('16-1-2-053','Jyotishman Phukan','Indian','Student | '),('16-1-2-054','Priyanuj Sarmah','Indian','Student | '),('16-1-2-055','Sharang Suman','Indian','Student | '),('16-1-2-056','Kalparnab Gupta','Indian','Student | '),('16-1-2-057','Dharmendra Kumar','Indian','Student | '),('16-1-2-058','Ritam Borah','Indian','Student | '),('16-1-2-059','Yedida Venkata Sai Kumar','Indian','Student | '),('16-1-2-060','Kutcharlapati Sathvik Varma','Indian','Student | '),('16-1-2-061','Pratik Kumar Srivastava','Indian','Student | '),('16-1-2-062','Kshitij Mehrotra','Indian','Student | '),('16-1-2-063','Sidda Laldayal Saran','Indian','Student | '),('16-1-2-064','Abhinab Gogoi','Indian','Student | '),('16-1-2-067','Zoom Das','Indian','Student | '),('16-1-2-068','Ayush Singh Beruvar','Indian','Student | '),('16-1-2-069','Pankaj Singh Bisht','Indian','Student | '),('16-1-2-070','Anupam Boruah','Indian','Student | '),('16-1-2-072','Mahendra Kumar','Indian','Student | '),('16-1-2-074','Satyam Pathak','Indian','Student | '),('16-1-2-076','Devendra Kumar Patel','Indian','Student | '),('16-1-2-078','Amrendra Singh','Indian','Student | '),('16-1-2-079','Abhishek Kumar Sharma','Indian','Student | '),('16-1-2-080','Kritilata Pegu','Indian','Student | '),('16-1-2-081','Dhruv Gupta','Indian','Student | '),('16-1-2-082','Nilotpal Talukdar','Indian','Student | '),('16-1-2-083','Akash Kamal','Indian','Student | '),('16-1-2-084','Mayuri Moran','Indian','Student | '),('16-1-2-085','Saurav Kamal Medhi','Indian','Student | '),('16-1-2-086','Manash Jyoti Bhattacharyya','Indian','Student | '),('16-1-2-087','Bolledhu Sai Srinivas','Indian','Student | '),('16-1-2-088','Deepak Singh','Indian','Student | '),('16-1-2-089','Pritam Kumar Gogoi','Indian','Student | '),('16-1-2-090','Nitish Kumar','Indian','Student | '),('16-1-2-091','Raj Kumar','Indian','Student | '),('16-1-2-092','Rohan Chiring Baruah','Indian','Student | '),('16-1-2-093','Dupati Prudhvi Raj','Indian','Student | '),('16-1-2-094','Chandan Kumar','Indian','Student | '),('16-1-2-095','Arvind Dixit','Indian','Student | '),('16-1-2-096','Shashank Pal','Indian','Student | '),('16-1-2-098','Thamarana Manoj Kumar','Indian','Student | '),('16-1-2-099','Yerradasari Sunil','Indian','Student | '),('16-1-2-100','Atul Singh','Indian','Student | '),('16-1-2-101','Chintu Mazumdar','Indian','Student | '),('16-1-2-102','Saikat Sutradhar','Indian','Student | '),('16-1-2-103','Ajay Burdak','Indian','Student | '),('16-1-2-104','Baibhav Raj','Indian','Student | '),('16-1-2-106','Sandeep Kumar Shukla','Indian','Student | '),('16-1-2-107','Zeeshan Ali','Indian','Student | '),('16-1-2-108','Mustak Khan','Indian','Student | '),('16-1-2-109','Devasya Anupam','Indian','Student | '),('16-1-2-110','Rekhraj Meena','Indian','Student | '),('16-1-2-111','Niraj Kumar','Indian','Student | '),('16-1-2-112','Sarvagya Saxena','Indian','Student | '),('16-1-2-113','Saripella Narendra Varma','Indian','Student | '),('16-1-2-114','Kethavath Vinod Kumar','Indian','Student | '),('16-1-2-115','Keshav Sharma','Indian','Student | '),('16-1-2-116','Suresh Sathvik','Indian','Student | '),('16-1-2-117','Thokala Tagore','Indian','Student | '),('16-1-3-001','Dhruva Das','Indian','Student | '),('16-1-3-002','Satyabrata Pradhan','Indian','Student | '),('16-1-3-003','Anindya Sharma','Indian','Student | '),('16-1-3-004','Brijesh Kumar Ghosh','Indian','Student | '),('16-1-3-005','Kumar Pranay','Indian','Student | '),('16-1-3-006','Manisha Talukdar','Indian','Student | '),('16-1-3-007','Debasmita Das','Indian','Student | '),('16-1-3-008','Dhiman Deka','Indian','Student | '),('16-1-3-009','Saurav Chowdhury','Indian','Student | '),('16-1-3-010','S M Tabrez Hussain','Indian','Student | '),('16-1-3-011','Debajit Malakar','Indian','Student | '),('16-1-3-012','Md Saharab Mohsin','Indian','Student | '),('16-1-3-013','Dipjyoti Paul','Indian','Student | '),('16-1-3-014','Subal Das','Indian','Student | '),('16-1-3-015','N Aviti Singha','Indian','Student | '),('16-1-3-016','Karabi Mili','Indian','Student | '),('16-1-3-017','Ankita Sen','Indian','Student | '),('16-1-3-018','Shubham Singh','Indian','Student | '),('16-1-3-021','Gyandeep Daimari','Indian','Student | '),('16-1-3-022','Souvik Dey','Indian','Student | '),('16-1-3-023','Ronju Biswas','Indian','Student | '),('16-1-3-024','Vinod Gupta','Indian','Student | '),('16-1-3-025','Pitamber Prakash Chaudhary','Indian','Student | '),('16-1-3-026','Nibedita Nath','Indian','Student | '),('16-1-3-027','Aditya','Indian','Student | '),('16-1-3-028','Dhiraj Nath','Indian','Student | '),('16-1-3-029','Subrot Hazarika','Indian','Student | '),('16-1-3-030','Nayan Jyoti Mahapurushia','Indian','Student | '),('16-1-3-032','Sasangka Jyoti Chutia','Indian','Student | '),('16-1-3-033','Abhilekh Kumar','Indian','Student | '),('16-1-3-034','Namasu Suklap Das Hazarika','Indian','Student | '),('16-1-3-035','Kamal Pandey','Indian','Student | '),('16-1-3-037','Vikrant Kumar Chaudhary','Indian','Student | '),('16-1-3-038','Swapnanil Das','Indian','Student | '),('16-1-3-039','Hiyachaki Saikia','Indian','Student | '),('16-1-3-040','Adarsh Kumar','Indian','Student | '),('16-1-3-041','Sitesh Kharka','Indian','Student | '),('16-1-3-042','Sidhartha Sankar Dutta','Indian','Student | '),('16-1-3-043','Abhishek Prasad Harijan','Indian','Student | '),('16-1-3-044','Binit Roy','Indian','Student | '),('16-1-3-045','Chandan Kumar','Indian','Student | '),('16-1-3-046','Ritesh Kumar Sharma','Indian','Student | '),('16-1-3-047','Abhishek Kumar','Indian','Student | '),('16-1-3-048','Ritam Bhattacharjee','Indian','Student | '),('16-1-3-049','Tirumalla Karthik','Indian','Student | '),('16-1-3-050','Prangshu Saikia','Indian','Student | '),('16-1-3-051','Prateek Prantar Neog','Indian','Student | '),('16-1-3-052','Isha Das','Indian','Student | '),('16-1-3-053','Shibashis Deb','Indian','Student | '),('16-1-3-054','Jiku Sandilya','Indian','Student | '),('16-1-3-055','Swapnil Jadon','Indian','Student | '),('16-1-3-056','A Satyajeet Naidu','Indian','Student | '),('16-1-3-057','Ranjan Kumar','Indian','Student | '),('16-1-3-058','Subhash Kumar Mehta','Indian','Student | '),('16-1-3-059','Ananya Jaimini','Indian','Student | '),('16-1-3-060','Amiyo Kumar Pegu','Indian','Student | '),('16-1-3-061','Ambar Kumar','Indian','Student | '),('16-1-3-062','Bastov Saikia','Indian','Student | '),('16-1-3-063','Pratyush Choudhury','Indian','Student | '),('16-1-3-064','Ashim Kumar Nath','Indian','Student | '),('16-1-3-065','Rajdeep Nath','Indian','Student | '),('16-1-3-066','Kadupukutla Bhargav','Indian','Student | '),('16-1-3-067','Amarinder Singh','Indian','Student | '),('16-1-3-068','Akanksha Kedia','Indian','Student | '),('16-1-3-069','Abhay Jaiswal','Indian','Student | '),('16-1-3-070','Tara Chand Gagar','Indian','Student | '),('16-1-3-071','Vikas Verma','Indian','Student | '),('16-1-3-072','Hrithik Joy','Indian','Student | '),('16-1-3-073','Bhavesh Pandey','Indian','Student | '),('16-1-3-074','Amba Prasad Tiwari','Indian','Student | '),('16-1-3-075','Abinash Kumar Talukdar','Indian','Student | '),('16-1-3-076','Shivansh Tiwari','Indian','Student | '),('16-1-3-077','Rajdeep Barman','Indian','Student | '),('16-1-3-078','Sandeep Sharma','Indian','Student | '),('16-1-3-079','Utkarsh Maheshwari','Indian','Student | '),('16-1-3-080','Ashish Rana','Indian','Student | '),('16-1-3-081','Boga Shiva Akshay','Indian','Student | '),('16-1-3-082','Satyam Swarup','Indian','Student | '),('16-1-3-083','Srikant Sahoo','Indian','Student | '),('16-1-3-084','Ravuru Gowtham','Indian','Student | '),('16-1-3-085','Arnav Kumar Nath','Indian','Student | '),('16-1-3-086','Ajay Kumar Meena','Indian','Student | '),('16-1-3-087','Rajnish Kumar','Indian','Student | '),('16-1-3-088','Alankrita Sonowal','Indian','Student | '),('16-1-3-090','Akshay Kumar Pal','Indian','Student | '),('16-1-3-091','Ashish Ranjan','Indian','Student | '),('16-1-3-092','Brajamohan Thakuria','Indian','Student | '),('16-1-3-093','Bandaru Anudeep','Indian','Student | '),('16-1-3-094','Gaurav Kumar Meena','Indian','Student | '),('16-1-3-095','Ashutosh Mishra','Indian','Student | '),('16-1-3-096','Giren Chandra Kalita','Indian','Student | '),('16-1-3-097','Hladini Agnivesh','Indian','Student | '),('16-1-3-098','Deepjyoti Ray','Indian','Student | '),('16-1-3-099','Vishram Bairwa','Indian','Student | '),('16-1-3-100','Shruti Patel','Indian','Student | '),('16-1-3-101','Pushpendra Kumar','Indian','Student | '),('16-1-3-102','Snayankar Dutta Chowdhury','Indian','Student | '),('16-1-3-103','Rezaul Hussain ','Indian','Student | '),('16-1-3-104','Shivendra Kumar','Indian','Student | '),('16-1-3-105','Vijay Mehta','Indian','Student | '),('16-1-3-106','Dipayan Choudhury','Indian','Student | '),('16-1-3-107','Bhupendra Kumar Meena','Indian','Student | '),('16-1-3-108','Yogesh Kumar Bairwa','Indian','Student | '),('16-1-3-109','Devendra Kumar Meena','Indian','Student | '),('16-1-3-110','Dipan Kumar Bora','Indian','Student | '),('16-1-3-111','Phonita Padi','Indian','Student | '),('16-1-4-001','Rakesh Paul','Indian','Student | '),('16-1-4-002','Aarhisreshtha Mahanta','Indian','Student | '),('16-1-4-003','Tamoghna Das','Indian','Student | '),('16-1-4-004','Jahirul Hasan Barlaskar','Indian','Student | '),('16-1-4-005','Parikhit Baruah','Indian','Student | '),('16-1-4-006','Henry Narzary','Indian','Student | '),('16-1-4-007','Samiran Dutta','Indian','Student | '),('16-1-4-008','Punyabrata Kar','Indian','Student | '),('16-1-4-009','Souvik Debroy','Indian','Student | '),('16-1-4-010','Singi Reddy Chakradhar Reddy','Indian','Student | '),('16-1-4-011','Himangshu Barman','Indian','Student | '),('16-1-4-012','Suraj Kumar Nath','Indian','Student | '),('16-1-4-013','Rahul Raj Singh','Indian','Student | '),('16-1-4-014','Anupam Das','Indian','Student | '),('16-1-4-015','Abhirup Choudhury','Indian','Student | '),('16-1-4-016','Debasish Kalita','Indian','Student | '),('16-1-4-018','Madhurya Bharadwaaz','Indian','Student | '),('16-1-4-019','Yathirajyam Satvik','Indian','Student | '),('16-1-4-020','Udipta Bordoloi','Indian','Student | '),('16-1-4-021','Rajmoi Phukan','Indian','Student | '),('16-1-4-022','Aditya Dutta','Indian','Student | '),('16-1-4-023','Rajdeep Deb','Indian','Student | '),('16-1-4-024','Polashi Bordoloi','Indian','Student | '),('16-1-4-025','Mofazzul Hussain Mondal','Indian','Student | '),('16-1-4-026','Dwipkowar Talukdar','Indian','Student | '),('16-1-4-027','Monu Kumar','Indian','Student | '),('16-1-4-028','Deepraj Das','Indian','Student | '),('16-1-4-029','Vikash Verma','Indian','Student | '),('16-1-4-030','Bidisha Das','Indian','Student | '),('16-1-4-031','Prabal Lahon','Indian','Student | '),('16-1-4-032','Nayanjyoti Baishya','Indian','Student | '),('16-1-4-033','Dominik Brahma','Indian','Student | '),('16-1-4-034','Thogiti Soumith','Indian','Student | '),('16-1-4-035','Tarun Singhania','Indian','Student | '),('16-1-4-036','Rishav Saraf','Indian','Student | '),('16-1-4-037','Udipta Sarma Bharadwaj','Indian','Student | '),('16-1-4-038','Inzamamul Haque Mondal','Indian','Student | '),('16-1-4-039','Venkata Sai Swaroop Udatha','Indian','Student | '),('16-1-4-040','Ankita Das','Indian','Student | '),('16-1-4-041','Supriya Roy','Indian','Student | '),('16-1-4-042','Basabee Bora','Indian','Student | '),('16-1-4-043','Yadla Sai Kiran','Indian','Student | '),('16-1-4-044','Munna Kumar','Indian','Student | '),('16-1-4-045','Shivraj Kumar','Indian','Student | '),('16-1-4-046','Chinmoy Deka','Indian','Student | '),('16-1-4-047','Aditya Gayan','Indian','Student | '),('16-1-4-048','Partha Pratim Nath','Indian','Student | '),('16-1-4-049','Arindam Malla Bujar Baruah','Indian','Student | '),('16-1-4-050','Sowjanya Kothapalli','Indian','Student | '),('16-1-4-051','Ashish Kumar Thakur','Indian','Student | '),('16-1-4-052','Bikash Jyoti Medhi','Indian','Student | '),('16-1-4-053','Pantam Lokesh','Indian','Student | '),('16-1-4-054','Neerukonda Surya Sumanth','Indian','Student | '),('16-1-4-055','Neelav Choudhury','Indian','Student | '),('16-1-4-056','Karasudula Anirudh','Indian','Student | '),('16-1-4-057','Ramprakash Bandlamudi','Indian','Student | '),('16-1-4-058','Manju Jyani','Indian','Student | '),('16-1-4-059','Krishna Mohan','Indian','Student | '),('16-1-4-060','Subham Kumar Ahir','Indian','Student | '),('16-1-4-061','Swapnil Das Kashyap','Indian','Student | '),('16-1-4-062','Dhritishman Sarmah','Indian','Student | '),('16-1-4-063','Vivek Kumar','Indian','Student | '),('16-1-4-064','Atul Kumar Mishra','Indian','Student | '),('16-1-4-065','Vikash Bharti','Indian','Student | '),('16-1-4-066','Akula Leela Eswara Venkata Durga Satish','Indian','Student | '),('16-1-4-067','Tirupatipati Yogesh','Indian','Student | '),('16-1-4-069','Rajan Kumar','Indian','Student | '),('16-1-4-070','Shubham Kumar Gupta','Indian','Student | '),('16-1-4-071','Katta Guna Sekhar','Indian','Student | '),('16-1-4-072','Raja Kumar','Indian','Student | '),('16-1-4-073','Sade Asish Bhushan','Indian','Student | '),('16-1-4-074','Malisetti Shiva Pavan Kalyan','Indian','Student | '),('16-1-4-075','Korrapati Bala Mahendra Chowdary','Indian','Student | '),('16-1-4-076','Vegi Teja Venkata Vijay','Indian','Student | '),('16-1-4-077','Savala Purapu Bharat','Indian','Student | '),('16-1-4-078','Rishwagnik Bharadwaz','Indian','Student | '),('16-1-4-079','Shivam Singh','Indian','Student | '),('16-1-4-080','Yash Agarwal','Indian','Student | '),('16-1-4-081','Himanshu Mishra','Indian','Student | '),('16-1-4-082','Jeetesh Saxena','Indian','Student | '),('16-1-4-083','M H V Dayananda Chowdary','Indian','Student | '),('16-1-4-084','Jwala Rai','Indian','Student | '),('16-1-4-085','Rajat Singh','Indian','Student | '),('16-1-4-086','Adapala Charan Sai','Indian','Student | '),('16-1-4-087','Utkarsh Bhatt','Indian','Student | '),('16-1-4-088','Nalam Divya Sree','Indian','Student | '),('16-1-4-089','Rahul Kannoujiya','Indian','Student | '),('16-1-4-090','Rishabh Raj','Indian','Student | '),('16-1-4-091','Mugada Suresh Krishna','Indian','Student | '),('16-1-4-093','Abhisekh Agarwala','Indian','Student | '),('16-1-4-094','Puli Gangadhara','Indian','Student | '),('16-1-4-095','Sanjib Rajbongshi','Indian','Student | '),('16-1-4-096','Ishan Das Choudhury','Indian','Student | '),('16-1-4-097','Nishant Kumar','Indian','Student | '),('16-1-4-098','Nihal Sinha','Indian','Student | '),('16-1-4-099','Hrishabh Raj Das','Indian','Student | '),('16-1-4-101','Ashim Das','Indian','Student | '),('16-1-4-102','Mozrooh Hassan','Indian','Student | '),('16-1-4-103','Siddhartha Pratim Bhagawati','Indian','Student | '),('16-1-4-105','Siddhartha Singh','Indian','Student | '),('16-1-4-106','Aryan Sarthi','Indian','Student | '),('16-1-4-108','Jetti Venkata Teja','Indian','Student | '),('16-1-4-110','Shikari Sriker','Indian','Student | '),('16-1-4-111','Shahirul Islam Polak ','Indian','Student | '),('16-1-4-112','Hrituparna Devmoni ','Indian','Student | '),('16-1-4-113','Ihsanur Rashid ','Indian','Student | '),('16-1-5-001','Nivedita Singh ','Indian','Student | '),('16-1-5-002','Dhananjay Kumar Mishra ','Indian','Student | '),('16-1-5-003','Kaushik Borah','Indian','Student | '),('16-1-5-004','Atmashree Ray','Indian','Student | '),('16-1-5-005','Riddhiman Parasar','Indian','Student | '),('16-1-5-006','Arju Ali','Indian','Student | '),('16-1-5-007','Aniruddha Bhattacharjee','Indian','Student | '),('16-1-5-008','Rahul Debnath','Indian','Student | '),('16-1-5-009','Manjit Borah','Indian','Student | '),('16-1-5-010','Rishab Agarwala','Indian','Student | '),('16-1-5-011','Bishal Kahar','Indian','Student | '),('16-1-5-012','Md Dipjul Rahman','Indian','Student | '),('16-1-5-013','Gautam Kumar Singh','Indian','Student | '),('16-1-5-014','Abhijnyan Chandra','Indian','Student | '),('16-1-5-015','Pallab Saikia','Indian','Student | '),('16-1-5-016','Pratikshit Baruah','Indian','Student | '),('16-1-5-017','Ayush Agarwala','Indian','Student | '),('16-1-5-018','Sanjib Kumar Das','Indian','Student | '),('16-1-5-019','Dhiraj Kumar Sah','Indian','Student | '),('16-1-5-020','Subhra Jyoti Baroi','Indian','Student | '),('16-1-5-021','Sandeep Kumar','Indian','Student | '),('16-1-5-022','Supraja Venkatesh','Indian','Student | '),('16-1-5-023','N Harini','Indian','Student | '),('16-1-5-024','Arif Ahmed','Indian','Student | '),('16-1-5-025','Shubham Prasad','Indian','Student | '),('16-1-5-026','Abir Lal Das','Indian','Student | '),('16-1-5-027','Abhishek Raj','Indian','Student | '),('16-1-5-028','Manish Kumar','Indian','Student | '),('16-1-5-029','Udit Pathak','Indian','Student | '),('16-1-5-030','Khushbu Maloo','Indian','Student | '),('16-1-5-031','Shankhadeep Gogoi','Indian','Student | '),('16-1-5-032','Navneet Surana','Indian','Student | '),('16-1-5-033','Sandeep Singh','Indian','Student | '),('16-1-5-034','Mahima Singh','Indian','Student | '),('16-1-5-035','Palan Nath','Indian','Student | '),('16-1-5-036','Gobind Kumar Singh','Indian','Student | '),('16-1-5-037','Mrityunjoy Nath','Indian','Student | '),('16-1-5-038','Prateek Chand','Indian','Student | '),('16-1-5-039','Rajdeep Sarma','Indian','Student | '),('16-1-5-041','Majji Upendra Narasimha Sai','Indian','Student | '),('16-1-5-042','Aryan Singh','Indian','Student | '),('16-1-5-043','Ramavath Dinesh Naik','Indian','Student | '),('16-1-5-044','Newton Das','Indian','Student | '),('16-1-5-045','Shiwanand Chaurasiya','Indian','Student | '),('16-1-5-046','Md Samim Jahin','Indian','Student | '),('16-1-5-047','Abinash Dutta','Indian','Student | '),('16-1-5-048','Sazidur Rahman','Indian','Student | '),('16-1-5-049','Utkarsh Singh','Indian','Student | '),('16-1-5-050','Ajay Sherawat','Indian','Student | '),('16-1-5-051','Himanshu Mani Tripathi','Indian','Student | '),('16-1-5-052','Sng Mowarngam','Indian','Student | '),('16-1-5-053','Navneet Gangwar','Indian','Student | '),('16-1-5-054','Jha Prakash','Indian','Student | '),('16-1-5-055','Gajjala Sri Venkateswara Reddy','Indian','Student | '),('16-1-5-056','Satya Sanjay Nath','Indian','Student | '),('16-1-5-057','Apoorv Singh','Indian','Student | '),('16-1-5-058','Sumit Kumar Das','Indian','Student | '),('16-1-5-059','Ganesh Shah','Indian','Student | '),('16-1-5-060','Punna Sharath Chandra','Indian','Student | '),('16-1-5-061','Aayushman Rajora','Indian','Student | '),('16-1-5-062','Tammarashi Vinay Kumar','Indian','Student | '),('16-1-5-063','Gaurab Agarwala','Indian','Student | '),('16-1-5-064','Digambar Brahma','Indian','Student | '),('16-1-5-065','Pidugu Naga Lakshmi Sowgandhi','Indian','Student | '),('16-1-5-066','Bubul Doley','Indian','Student | '),('16-1-5-067','Harsh Ganda','Indian','Student | '),('16-1-5-068','Tushar Tanoy Sarma','Indian','Student | '),('16-1-5-069','Laba Kumar Deka','Indian','Student | '),('16-1-5-070','Rahul Kumar Yadav','Indian','Student | '),('16-1-5-072','Angana Borah','Indian','Student | '),('16-1-5-074','Badavath Sai Prashanth','Indian','Student | '),('16-1-5-075','Pramod Sarma','Indian','Student | '),('16-1-5-077','Waikhom Leepeng Singh','Indian','Student | '),('16-1-5-078','Nallala Anuraag Reddy','Indian','Student | '),('16-1-5-079','Basani Praful Bhargav','Indian','Student | '),('16-1-5-080','Rajib Mandal','Indian','Student | '),('16-1-5-081','Sarthak Biswas','Indian','Student | '),('16-1-5-082','Puja Jain','Indian','Student | '),('16-1-5-083','Hemant Singh Rathore','Indian','Student | '),('16-1-5-084','Sooraj Kumar','Indian','Student | '),('16-1-5-085','Prince Raj','Indian','Student | '),('16-1-5-086','Asmita Nandi','Indian','Student | '),('16-1-5-087','Surendra Singh Gurjar','Indian','Student | '),('16-1-5-088','Md. Shafkat Samin ','Indian','Student | '),('16-1-5-089','Md. Abdur Rahman ','Indian','Student | '),('16-1-5-090','Kingshuk Karon Sarkar','Indian','Student | '),('16-1-5-091','Tareq Bin Ahammed ','Indian','Student | '),('16-1-5-092','Harshit Agarwala ','Indian','Student | '),('16-1-5-093','Ermyas Fekadu Shiferaw ','Indian','Student | '),('16-1-6-001','Arup Saikia','Indian','Student | '),('16-1-6-002','Sujata Kalita','Indian','Student | '),('16-1-6-003','Manas Pratim Talukdar','Indian','Student | '),('16-1-6-004','Partha Protim Phukan','Indian','Student | '),('16-1-6-005','Anusheel Goswami','Indian','Student | '),('16-1-6-006','Ayan Das','Indian','Student | '),('16-1-6-007','Sachet Wasti','Indian','Student | '),('16-1-6-008','Himangshu Bezbaruah','Indian','Student | '),('16-1-6-009','Bankim Saikia','Indian','Student | '),('16-1-6-010','Ankit Kumar Upadhyay','Indian','Student | '),('16-1-6-011','Sourav Sonowal','Indian','Student | '),('16-1-6-012','Buragadda Venkata Sai Abhiram','Indian','Student | '),('16-1-6-013','Niharika Baruah','Indian','Student | '),('16-1-6-014','Uddipta Barman','Indian','Student | '),('16-1-6-015','Rajneesh Kashyap','Indian','Student | '),('16-1-6-016','Aman Sharma','Indian','Student | '),('16-1-6-017','Abhijit Mandal','Indian','Student | '),('16-1-6-018','Sumit Sharma','Indian','Student | '),('16-1-6-019','Bhaskar Pratim Chutia','Indian','Student | '),('16-1-6-020','Shubham Anand','Indian','Student | '),('16-1-6-021','Priyanka Khanikar','Indian','Student | '),('16-1-6-022','Prarthana Bhuyan','Indian','Student | '),('16-1-6-023','Ankit Kumar','Indian','Student | '),('16-1-6-024','Tinkumoni Kalita','Indian','Student | '),('16-1-6-025','Abhishek Kumar','Indian','Student | '),('16-1-6-026','Dipankar Dutta','Indian','Student | '),('16-1-6-027','Umare Shubham Ramesh','Indian','Student | '),('16-1-6-028','Vikash Kumar','Indian','Student | '),('16-1-6-029','Banoth Deepakkasnanaik','Indian','Student | '),('16-1-6-030','Viplove Pal','Indian','Student | '),('16-1-6-031','Manisha Panda','Indian','Student | '),('16-1-6-032','Daya Ram Meena','Indian','Student | '),('16-1-6-033','Sourin Dutta','Indian','Student | '),('16-1-6-034','Priyanshi Kumari','Indian','Student | '),('16-1-6-036','Priyanuj Borthakur','Indian','Student | '),('16-1-6-037','Dolan Mani Choudhury','Indian','Student | '),('16-1-6-038','Sandeepan Pal','Indian','Student | '),('16-1-6-040','Gupta Akshay Kumar Subhash','Indian','Student | '),('16-1-6-041','Ravi Roushan','Indian','Student | '),('16-1-6-042','Venkatesh Mishra','Indian','Student | '),('16-1-6-043','Vaibhav Kumar','Indian','Student | '),('16-1-6-044','Rakshit Singh Negi','Indian','Student | '),('16-1-6-045','Kritartha Das','Indian','Student | '),('16-1-6-047','Rahul Kumar Sethi','Indian','Student | '),('16-1-6-048','Shiwangi Keshri','Indian','Student | '),('16-21-208','Kankana Borah','Indian','Student'),('16-21-313','Ajanta Baishya','Indian','Student'),('16-21-405','Sayanika Bora','Indian','Student'),('16-21-506','Ameet Das','Indian','Student'),('16-21-510','Md. Asad Ahmed','Indian','Student'),('16-21-512','Debraj Basak','Indian','Student'),('16-23-101','Ghoshika Das','Indian','Student'),('16-24-107','Nirupam Sharma','Indian','Student'),('16-3-01-102','Pallab Das','Indian','Student'),('16-3-01-103','Sayed Sadulla Ahmed','Indian','Student'),('16-3-01-104','Manish Dutta','Indian','Student'),('16-3-01-105','Subhradeep Dhar','Indian','Student'),('16-3-01-106','Ricky L Chhangte','Indian','Student'),('16-3-01-107','Bindesh Nonia','Indian','Student'),('16-3-02-101','Ravi Ranjan Kumar','Indian','Student'),('16-3-02-102','Pradeep Kumar Karsh','Indian','Student'),('16-3-02-103','Divya Zindani','Indian','Student'),('16-3-02-104','Bandi Venkata Ramana Reddy','Indian','Student'),('16-3-02-105','Ms  Lakka Suneetha','Indian','Student'),('16-3-02-106','Bappa Mondal','Indian','Student'),('16-3-03-101','Abdul Latif','Indian','Student'),('16-3-03-102','Rajesh Panda','Indian','Student'),('16-3-03-103','Chandan Kumar Pandey','Indian','Student'),('16-3-04-101','Ashish Pandey','Indian','Student'),('16-3-04-102','Amiya Dey','Indian','Student'),('16-3-04-103','Loukrakpam Merin Singh','Indian','Student'),('16-3-04-104','Ms. Arpita Biswas                            ','Indian','Student'),('16-3-04-105','Sourav Roy','Indian','Student'),('16-3-04-106','Sanjoy Debnath','Indian','Student'),('16-3-04-107','Rishikanta Mayengbam','Indian','Student'),('16-3-05-101','Amit Kumar Trivedi','Indian','Student'),('16-3-05-102','Ms. Sharbani Purkayastha','Indian','Student'),('16-3-05-103','Khem Prosad Sharma','Indian','Student'),('16-3-06-101','Ms. Asifa Yesmin','Indian','Student'),('16-3-06-102','Ms. Sakshi Bansal','Indian','Student'),('16-3-06-103','Soumya Sundar Pattanayak','Indian','Student'),('16-3-06-104','Pratap Khuntia','Indian','Student'),('16-3-21-101','Amlan  Baisya','Indian','Student'),('16-3-21-102','Ms. Sanchari Bhattacharyya','Indian','Student'),('16-3-21-103','Ms. U. Sarita Singha','Indian','Student'),('16-3-22-101','Dipankar Saha','Indian','Student'),('16-3-22-102','Saykat Dutta','Indian','Student'),('16-3-22-103','Anil Kumar Kar','Indian','Student'),('16-3-22-105','Dipjyoti Nath','Indian','Student'),('16-3-24-101','Ujjal Das','Indian','Student'),('16-3-24-102','Rajeev N.','Indian','Student'),('16-3-24-103','Ms. Anupriya Nyayban','Indian','Student'),('17-21-101','Vijay','Indian','Student'),('17-21-103','Md Mirajul Islam','Indian','Student'),('17-21-104','Tinkle Das','Indian','Student'),('17-21-105','Dikshita Goswami','Indian','Student'),('17-21-106','Arindam Bar','Indian','Student'),('17-21-107','Koustav Nath','Indian','Student'),('17-21-108','Juhi Dhuriya','Indian','Student'),('17-21-110','Omkesh Tripathi','Indian','Student'),('17-21-111','Subhankar Das','Indian','Student'),('17-21-112','Totan Sarker','Indian','Student'),('17-21-113','Shyam Babu Yadav','Indian','Student'),('17-21-114','Nasim Aktar','Indian','Student'),('17-21-115','Rajendra Nath Paul','Indian','Student'),('17-21-116','Bankuru Lakshmi Srinivas Naidu','Indian','Student'),('17-21-117','Mayank Chaudhary','Indian','Student'),('17-21-118','Pavan Kumar Varshney','Indian','Student'),('17-21-119','Palavalasa Shiva Kumar','Indian','Student'),('17-21-120','Sridharam Sriharsha','Indian','Student'),('17-21-201','Mahi Singh','Indian','Student'),('17-21-202','Misal Bharati Hanamant ','Indian','Student'),('17-21-203','Tushar Kanti Das','Indian','Student'),('17-21-204','Rahul Kumar','Indian','Student'),('17-21-205','Nancy Nabam','Indian','Student'),('17-21-206','Aditya Nath Sonkar','Indian','Student'),('17-21-207','Sitesh Mohapatra','Indian','Student'),('17-21-208','Charla Venkatesh','Indian','Student'),('17-21-209','Mayuri Borah','Indian','Student'),('17-21-210','Nazeel Sabah','Indian','Student'),('17-21-211','Dhanjit Deka','Indian','Student'),('17-21-212','Diptimoyee Phukan','Indian','Student'),('17-21-213','Saranika Das','Indian','Student'),('17-21-214','Aakash Kumar','Indian','Student'),('17-21-215','Roshan Adhikari','Indian','Student'),('17-21-216','Amarjeet Kumar','Indian','Student'),('17-21-217','Kamalesh Kumawat  ','Indian','Student'),('17-21-218','Abhishek Kumar Sinha','Indian','Student'),('17-21-301','Suman Ganguly','Indian','Student'),('17-21-302','Ravi Prakash','Indian','Student'),('17-21-303','Soumik Sarkar','Indian','Student'),('17-21-304','Abishak Baidya','Indian','Student'),('17-21-305','Maharshi Kalita','Indian','Student'),('17-21-307','Avijit Mandal','Indian','Student'),('17-21-308','Sabyasachi Das','Indian','Student'),('17-21-309','George Kennedy Lyngdoh Nongbri','Indian','Student'),('17-21-310','Neelabha Roy','Indian','Student'),('17-21-312','Gaurav Kumar','Indian','Student'),('17-21-314','Sourav Barman','Indian','Student'),('17-21-315','Debashis Ray Sarkar','Indian','Student'),('17-21-316','Sujeet Suman','Indian','Student'),('17-21-317','Mukesh Kumar Soni','Indian','Student'),('17-21-318','Ashwani Bokadia','Indian','Student'),('17-21-319','Yeddu Dhanunjaya','Indian','Student'),('17-21-401','Nilanjana Banik','Indian','Student'),('17-21-403','Ankit Sahu','Indian','Student'),('17-21-404','Gautam','Indian','Student'),('17-21-405','Banchiva K Marak','Indian','Student'),('17-21-406','Nishant Agarwal','Indian','Student'),('17-21-408','Sibam Das','Indian','Student'),('17-21-411','Sujoy Biswas','Indian','Student'),('17-21-412','Nikhil Kumar','Indian','Student'),('17-21-413','Rajib Modak','Indian','Student'),('17-21-414','Vishnu G','Indian','Student'),('17-21-415','Sinjan Debnath','Indian','Student'),('17-21-416','Yogendra Kumar','Indian','Student'),('17-21-417','Punit Kumar Yadav','Indian','Student'),('17-21-418','Suvrajeet Pramanik','Indian','Student'),('17-21-419','Sudeepta Malakar','Indian','Student'),('17-21-420','Mrinmoyee Das','Indian','Student'),('17-21-421','Krishna Kant Thakur','Indian','Student'),('17-21-501','Pranay Rai','Indian','Student'),('17-21-502','Aninda Pal','Indian','Student'),('17-21-503','Rangish. A','Indian','Student'),('17-21-504','Dorjee Pintso Bhutia','Indian','Student'),('17-21-505','Chaudhari Rahul Gopal Sushila','Indian','Student'),('17-21-506','Vivek Laishram','Indian','Student'),('17-21-507','Sadananda Angom','Indian','Student'),('17-21-508','Suman Kalita','Indian','Student'),('17-21-509','Abhinandan Kashyap','Indian','Student'),('17-21-510','Imdad Ahmed Laskar','Indian','Student'),('17-21-511','Aditi Halder','Indian','Student'),('17-21-512','Intakhab Alam','Indian','Student'),('17-21-514','Athul Nath, M.K.','Indian','Student'),('17-21-515','Satyaki Ghosh','Indian','Student'),('17-21-516','Chigurupati Ravi Teja','Indian','Student'),('17-21-517','Md Tabrej Alam','Indian','Student'),('17-21-518','Banani  Das','Indian','Student'),('17-22-101','Biraj Chandra Dey','Indian','Student'),('17-22-102','Virendra Kumar','Indian','Student'),('17-22-103','Ramdev Sah','Indian','Student'),('17-22-105','Biren Kumar Behera','Indian','Student'),('17-22-108','Amit Kumar','Indian','Student'),('17-22-109','Sujeet Singh','Indian','Student'),('17-22-110','Govinda Rao Nammi','Indian','Student'),('17-22-112','Robin Singh','Indian','Student'),('17-22-113','Ashish Mishra','Indian','Student'),('17-22-114','Sumit Gupta','Indian','Student'),('17-22-115','Yogesh Kumar','Indian','Student'),('17-22-116','Krishna Kanhaiya','Indian','Student'),('17-22-117','Ajit Kumar','Indian','Student'),('17-22-201','Mahammod Babar Pasha','Indian','Student'),('17-22-203','Evenmore Mylliem','Indian','Student'),('17-22-205','Yadav Narendra Kumar Rajbahadur','Indian','Student'),('17-22-206','Raju Prasad Saw','Indian','Student'),('17-22-208','Tanmoy Loha','Indian','Student'),('17-22-209','Soumik Das','Indian','Student'),('17-22-211','Sameer Raj Singh','Indian','Student'),('17-22-212','Munjula Siva Kumar','Indian','Student'),('17-22-213','Susheel Kumar','Indian','Student'),('17-22-214','Abir Saha','Indian','Student'),('17-22-215','Rajesh Sahoo','Indian','Student'),('17-22-216','Somesh Kumar Mahato','Indian','Student'),('17-22-219','Santosh Kumar','Indian','Student'),('17-22-301','Gaijinliu Gangmei','Indian','Student'),('17-22-302','Rahul Kumar ','Indian','Student'),('17-22-303','Shaik Sadikbasha','Indian','Student'),('17-22-304','Anushka','Indian','Student'),('17-22-306','Kritesh Kumar Gupta','Indian','Student'),('17-22-307','Mohite Vijaysinh Ravindra Sujata','Indian','Student'),('17-22-401','Nikhil Bharat','Indian','Student'),('17-22-402','Vishal Mishra','Indian','Student'),('17-22-403','Avinash Kumar','Indian','Student'),('17-22-404','Lakshi Nandan Borah','Indian','Student'),('17-22-405','Ishwar Mazumdar','Indian','Student'),('17-22-406','Ankita Sarmah','Indian','Student'),('17-22-407','Md Zishan Ahmad Khan','Indian','Student'),('17-23-101','Manoj Kumar Sahoo','Indian','Student'),('17-23-102','Pritam Das','Indian','Student'),('17-23-103','Sayan Mukherjee','Indian','Student'),('17-23-105','Sophia Debbarma','Indian','Student'),('17-23-106','Rojita Chingakham','Indian','Student'),('17-23-109','Shiladitya Dey','Indian','Student'),('17-23-110','Uttam Barman','Indian','Student'),('17-23-111','Abhishek Banik','Indian','Student'),('17-23-112','Partha Pratim Dey','Indian','Student | '),('17-23-113','Devesh Kumar Sahu','Indian','Student'),('17-23-114','Praveen Kumar','Indian','Student'),('17-23-115','Narisetty Varun Kumar','Indian','Student'),('17-23-116','Dhruvagupt','Indian','Student'),('17-23-118','Rage Ravitheja','Indian','Student'),('17-23-119','Divya Rashmi','Indian','Student'),('17-23-120','Ajnish Kumar Sharma','Indian','Student'),('17-23-202','Maitreyee Dutta','Indian','Student'),('17-23-203','Sanchari Sarkar','Indian','Student'),('17-23-204','Rahul Chakraborty','Indian','Student'),('17-23-205','Michelle Vanlalzawm Daolagupu','Indian','Student'),('17-23-206','Dipak Prasad','Indian','Student'),('17-23-208','Simi Ingti','Indian','Student'),('17-23-209','Anmol Assal','Indian','Student'),('17-23-210','Kunal Hazarika','Indian','Student'),('17-23-211','Kunal Kanti Das','Indian','Student'),('17-23-212','Siddhartha Ganguly','Indian','Student'),('17-23-213','Jit Koley','Indian','Student'),('17-23-214','Gaurahari Kuanr','Indian','Student'),('17-24-101','Ravindra Kumar Maurya','Indian','Student'),('17-24-102','Susmitha Kothapalli','Indian','Student'),('17-24-103','Pankhi Hazarika','Indian','Student'),('17-24-105','Ashish Kumar','Indian','Student'),('17-24-107','Saurav Chanda','Indian','Student | '),('17-24-108','Sourav Nath','Indian','Student | '),('17-24-109','Soibam Aruna Chanu','Indian','Student'),('17-24-110','Abhishek Kumar','Indian','Student'),('17-24-111','Sagar Manohar Wankhade','Indian','Student'),('17-24-201','Deepak Kumar','Indian','Student'),('17-24-203','Sagar Deep Deb','Indian','Student'),('17-24-204','Shreya Dey','Indian','Student'),('17-24-205','Suman Saha','Indian','Student'),('17-25-101','Amrit Kumar Verma','Indian','Student'),('17-25-102','R.  Lalduhsaka','Indian','Student'),('17-25-103','Gitanjali Kumari','Indian','Student'),('17-25-104','Rahul Kumar','Indian','Student'),('17-25-105','Altamash Jahangir Khan ','Indian','Student'),('17-25-106','Debalina Biswas                                   ','Indian','Student | '),('17-25-107','Dona Dutta','Indian','Student'),('17-25-108','Preetam Chayan Chatterjee','Indian','Student'),('17-25-109','Kuldeep Singh','Indian','Student'),('17-25-110','Abhijit Das','Indian','Student | '),('17-25-111','Manish Kumar Verma','Indian','Student'),('17-25-112','Deepali Jain','Indian','Student'),('17-25-113','Alok Singh','Indian','Student'),('17-25-114','Navajyoti Nath','Indian','Student'),('17-25-115','Salam Michael Singh','Indian','Student'),('17-25-116','Chhayank Sahu','Indian','Student'),('17-25-117','Roshan K Menon','Indian','Student'),('17-26-101','Vivek Kumar Soni','Indian','Student'),('17-26-102','Javed Akhter','Indian','Student'),('17-26-103','Gautham V S','Indian','Student'),('17-26-104','Deep Pal','Indian','Student'),('17-26-105','Suraj Saha ','Indian','Student'),('17-26-106','Ila Deori','Indian','Student'),('17-26-107','Saras Mani Mishra','Indian','Student'),('17-26-108','Fegde Nehaben Sureshbhai','Indian','Student'),('17-26-109','Kakali Roy','Indian','Student'),('17-26-110','Ammu Prameela Nandakumar','Indian','Student'),('17-3-01-102','  Saleh Ahmed Mazumder','Indian','Student'),('17-3-01-103','  Nilotpal Debbarma','Indian','Student'),('17-3-01-104','  Nirmalya Sarma Roy','Indian','Student'),('17-3-01-106','Nilanjan Tarafder','Indian','Student'),('17-3-01-107','Abhijeet Dey','Indian','Student'),('17-3-01-108','Ms Panchali Chakraborty','Indian','Student'),('17-3-01-109','Ms Habiba Afrooz','Indian','Student'),('17-3-01-111','Ms Pinki Deb','Indian','Student'),('17-3-01-112','Ms Baishali Nandi','Indian','Student'),('17-3-01-113','Divya Prakash Mohabey','Indian','Student'),('17-3-01-114','Arshad Hussain Choudhury','Indian','Student'),('17-3-01-115','Arpan Herbert','Indian','Student'),('17-3-01-117','Ms Thangki Juri Chamframary','Indian','Student'),('17-3-01-119','Ms Durga Mibang','Indian','Student'),('17-3-01-120','Biswajit Das','Indian','Student'),('17-3-01-121','Shivam Agarwal','Indian','Student'),('17-3-01-122','Yokesh G','Indian','Student'),('17-3-01-124','Nazir Ahmed Laskar','Indian','Student'),('17-3-01-125','Ayan Das','Indian','Student'),('17-3-01-127','Joydeep Das','Indian','Student'),('17-3-01-128','Ms Madhavi Anupindi','Indian','Student'),('17-3-01-129','Apurba Nath','Indian','Student'),('17-3-01-130','Priyam Nath Bhowmik','Indian','Student'),('17-3-01-131','Sudeep Biswas','Indian','Student'),('17-3-01-132','Tonay Paul','Indian','Student'),('17-3-01-133','Shehnaj Ahmed Pathan','Indian','Student'),('17-3-01-134','Endow Ayar Mazumder','Indian','Student'),('17-3-01-136','Wajahat Annayat','Indian','Student'),('17-3-01-137','Vishnu T.B.','Indian','Student'),('17-3-01-138','Tarique Aman Mazumder','Indian','Student'),('17-3-01-139','Sandeep Samantaray','Indian','Student'),('17-3-01-140',' Dheeraj Sunil Deshmukh','Indian','Student'),('17-3-02-101','Prabhakar Jha','Indian','Student'),('17-3-02-102','Ms. Reshmi Basak','Indian','Student'),('17-3-02-104','Kummitha Obula Reddy','Indian','Student'),('17-3-02-105','Sourav Nath','Indian','Student'),('17-3-02-106','Ms  Oveepsa Chakraborty','Indian','Student'),('17-3-02-107','Surendra Kumar Yadav','Indian','Student'),('17-3-02-108','Debayan Bhowmick','Indian','Student'),('17-3-02-109','Bhaskar Ranjan Tamuli','Indian','Student'),('17-3-02-110','Manash Protim Boruah','Indian','Student'),('17-3-02-111','Amatya Bharadwaj','Indian','Student'),('17-3-02-112','Krishna Roy','Indian','Student'),('17-3-02-113','Lokeswar Patanaik','Indian','Student'),('17-3-02-114','Surendra Singh Yadav','Indian','Student'),('17-3-02-115','Sumit  Kumar Mehta','Indian','Student'),('17-3-02-116','Binoy Kumar Baroi','Indian','Student'),('17-3-02-117',' Shyamal Das','Indian','Student'),('17-3-02-118','Subhankar Saha','Indian','Student'),('17-3-02-119','Biswajit Roy','Indian','Student'),('17-3-02-120','Rajdeep Paul','Indian','Student'),('17-3-02-121','Pallab Bhattacharjee','Indian','Student'),('17-3-02-123','Pallab Sarmah','Indian','Student'),('17-3-02-124','Sujit Roy','Indian','Student'),('17-3-02-125','Ms  Papari Das','Indian','Student'),('17-3-02-126','Durgesh Kumar Mishra','Indian','Student'),('17-3-02-127','Kumari Ambe Verma','Indian','Student'),('17-3-03-101','Devaprasad Paul','Indian','Student'),('17-3-03-102','Ms Priti Das','Indian','Student'),('17-3-03-103','Naladi Ram Babu','Indian','Student'),('17-3-03-104','Ms Priyanka Ray','Indian','Student'),('17-3-03-105','Ms  Mausri Bhuyan','Indian','Student'),('17-3-04-101',' Naushad Manzoor Laskar','Indian','Student'),('17-3-04-102',' Sushanta Debnath','Indian','Student'),('17-3-04-104','Ms Bidisha Hazarika','Indian','Student'),('17-3-04-105','Ms Banani Talukdar ','Indian','Student'),('17-3-04-106','Suman Biswas','Indian','Student'),('17-3-04-107','Ms Puja Ghosh','Indian','Student'),('17-3-04-108','Jasti Sateesh','Indian','Student'),('17-3-04-109','Basab Das','Indian','Student'),('17-3-04-110','Amit Baran Dey','Indian','Student'),('17-3-04-111','Ashim Kumar Biswas','Indian','Student'),('17-3-04-112','Manish Sharma','Indian','Student'),('17-3-04-113','Ms Kuheli Roy Barman','Indian','Student'),('17-3-04-114','Daasari Surender ','Indian','Student'),('17-3-04-115','Ms Julaiba Tahsina Mazumder','Indian','Student'),('17-3-04-116','Partha Pratim Shome','Indian','Student'),('17-3-04-117','Ms Girija Sravani Kondaveeti','Indian','Student'),('17-3-04-118','Ms Preeti Mallela','Indian','Student'),('17-3-05-101',' Md. Zaved Iqubal Ahmed','Indian','Student'),('17-3-05-102',' Bhaskar Kamal Baishya','Indian','Student'),('17-3-05-103',' Ms  Happy Nath','Indian','Student'),('17-3-05-104',' Prasun Datta','Indian','Student'),('17-3-05-105','Bhimavarapu Krishna Reddy','Indian','Student'),('17-3-05-106','Ms Priyanka Singh','Indian','Student'),('17-3-05-107','Ms Soumi Dhar','Indian','Student'),('17-3-05-108','Saptarshi Chakraborty','Indian','Student'),('17-3-05-109','Ms Irani Acharjamayum','Indian','Student'),('17-3-05-110','Irshed Hussain','Indian','Student'),('17-3-05-111','Ms Yagnyasenee Sen Gupta','Indian','Student'),('17-3-05-112','Rohit Pratap Singh','Indian','Student'),('17-3-05-113','Barga Deori','Indian','Student'),('17-3-05-114','Binayak Das','Indian','Student'),('17-3-06-101','Subhra Sankha Sarma','Indian','Student'),('17-3-06-102','Subhajit Das','Indian','Student'),('17-3-06-103','Soumen Biswas','Indian','Student'),('17-3-06-104','Himangshu Deka','Indian','Student'),('17-3-06-105','Ms  Sebina Yesmin','Indian','Student'),('17-3-06-106','Rupesh Subhash Mahamune','Indian','Student'),('17-3-06-107','Om Prakash Das','Indian','Student'),('17-3-06-108','Ariful Mashud','Indian','Student'),('17-3-06-110','Ruhul Amin Laskar','Indian','Student'),('17-3-06-111','Saif Uddin Barbhuiya','Indian','Student'),('17-3-21-101',' Alok Dey','Indian','Student'),('17-3-21-102',' Hemanta Kumar Bora','Indian','Student'),('17-3-21-103',' Sanjit  Muchahary','Indian','Student'),('17-3-21-104',' Kanchan Baran Singh','Indian','Student'),('17-3-21-105',' Ms.  K. Dipika Singha','Indian','Student'),('17-3-21-106','Ms  Jhuma Ray','Indian','Student'),('17-3-21-107','Pankaj Kalita ','Indian','Student'),('17-3-21-108','Ms  Lavanya Jagannathan ','Indian','Student'),('17-3-21-109','Ms  Neha Gupta','Indian','Student'),('17-3-21-110','Ms Pragati Dutta','Indian','Student'),('17-3-22-101','Rupam Haloi','Indian','Student'),('17-3-22-102',' Ms Priyanka Koner','Indian','Student'),('17-3-23-101','Ms. Kalyani Rajkumari','Indian','Student'),('17-3-23-102','Ms. Aditi Bora','Indian','Student'),('17-3-23-103','Jayanta Das','Indian','Student'),('17-3-23-104','Debasish Guha Thakurata','Indian','Student'),('17-3-23-105','Krishna Chandra Das','Indian','Student'),('17-3-23-106','Ms Meghali Devi','Indian','Student'),('17-3-23-107','Sauvik Raha','Indian','Student'),('17-3-25-101','Rajib Deb','Indian','Student'),('17-3-25-102','Abhijit Chakraborty','Indian','Student'),('17-47-101','Souvik Nandi','Indian','Student'),('17-47-102','Mridanga Deka','Indian','Student'),('17-47-103','Manajer Kumar Rana','Indian','Student'),('17-47-104','Ayushi Goel','Indian','Student'),('17-47-105','Ravindra Kumar','Indian','Student'),('17-48-101','Ipsita Ghosh','Indian','Student'),('17-48-102','Abhinav Jain','Indian','Student'),('17-48-103','Rajarshi Acharyya','Indian','Student'),('17-48-104','Pinku Phukan','Indian','Student'),('17-48-105','Ananta Kumar Meher','Indian','Student'),('17-48-106','Simita Das','Indian','Student'),('17-48-107','Bhabesh Baro','Indian','Student'),('17-48-108','Prince Thapar','Indian','Student'),('17-48-109','Sourav Sutradhar','Indian','Student'),('17-49-102','Tridip Rabha','Indian','Student'),('17-49-103','Koppad Basavaraj','Indian','Student'),('17-49-104','Rakesh Chandra Das','Indian','Student'),('17-49-105','Manoj Hazarika','Indian','Student'),('17-49-106','Prashanta Pathak','Indian','Student'),('17-50-101','Surabhi Dubey','Indian','Student'),('17-50-102','Partha Pratim Deka','Indian','Student'),('17-50-103','Tomin Sabu Paul','Indian','Student'),('17-50-104','Debasish Das','Indian','Student'),('17-50-105','Shahria Ahmed','Indian','Student'),('17-50-106','Akshay Khatri','Indian','Student'),('17-50-107','Subhadeep Singha','Indian','Student'),('17-50-108','Priya De','Indian','Student'),('17-50-109','Prabhudatta Mohanty','Indian','Student'),('17-50-110','Pankaj Saikia','Indian','Student'),('17-50-111','Rinki Das','Indian','Student'),('17-50-112','Arijita Datta','Indian','Student'),('17-50-113','Ritu Gulgulia','Indian','Student'),('17-50-114','Kiran Kumari Sah','Indian','Student'),('17-50-115','Shivangini Pandey','Indian','Student'),('17-50-116','Bishal De','Indian','Student'),('17-50-117','Kakali Baishnab','Indian','Student'),('17-50-118','Himangsu Choudhury','Indian','Student'),('17-50-119','Joyraj Roy','Indian','Student'),('17-50-121','Smriti Dutta','Indian','Student'),('17-50-122','Nabanita Paul','Indian','Student'),('17-50-123','Sushrut Sarmah','Indian','Student'),('17-50-124','Manisha Sen Gupta','Indian','Student'),('17-50-125','Sakshar Deb Roy','Indian','Student'),('17-50-126','Forhoth Yemini Hasan','Indian','Student'),('17-50-127','Nayanmani Deka','Indian','Student'),('17-50-128','Prakash Giri','Indian','Student'),('17-50-129','Sandipan Pal','Indian','Student'),('17-50-130','Rishav Baruah','Indian','Student'),('17-50-131','Uddipta Rajkhowa','Indian','Student'),('17-50-132','Udiptajyoti Gogoi','Indian','Student'),('17-50-133','Arnab Deshmukh','Indian','Student'),('17-50-134','Kishlay Kishor Tomar','Indian','Student'),('1711001','VIVEK PRASAD','Indian','Student | '),('1711002','SONAM TSERING BAPU','Indian','Student | '),('1711003','NITISH KUMAR','Indian','Student | '),('1711004','JISHNU KASHYAP HAZARIKA','Indian','Student | '),('1711005','ANIRBAN GOGOI','Indian','Student | '),('1711006','BIPRAJIT DAS','Indian','Student | '),('1711007','RINIKI BORA','Indian','Student | '),('1711008','AMANUL HAQUE','Indian','Student | '),('1711009','AKASH DAS PURKAYASTHA','Indian','Student | '),('1711010','NEZAM UDDIN AHMED','Indian','Student | '),('1711011','NABANKUR DEKA','Indian','Student | '),('1711012','SUNRISE KONWAR','Indian','Student | '),('1711013','DIBYAJEET MUSAHARI','Indian','Student | '),('1711014','RICHMOND MARNGAR','Indian','Student | '),('1711015','KAUSTAV SEN','Indian','Student | '),('1711016','SWARNALEE MAZUMDER','Indian','Student | '),('1711018','CHANDRA KANTA DOLEY','Indian','Student | '),('1711019','DHRUBAJYOTI TALUKDAR','Indian','Student | '),('1711020','ABHISHEK ANAND','Indian','Student | '),('1711021','DEEPJYOTI DAS','Indian','Student | '),('1711022','ABU AHMED NURUL HASAN LASKAR','Indian','Student | '),('1711023','ACHYUT NATH','Indian','Student | '),('1711024','DHIRAJ KALITA','Indian','Student | '),('1711025','ANUJ KUMAR','Indian','Student | '),('1711026','ANSHUMAN HAZARIKA','Indian','Student | '),('1711027','KRITIMAN ROY','Indian','Student | '),('1711028','DENIM BHUYAN','Indian','Student | '),('1711029','KOUSHIK BORA','Indian','Student | '),('1711030','BAINAPALLI AKASH','Indian','Student | '),('1711031','BARSHA DAS','Indian','Student | '),('1711032','VINEET SWAMI','Indian','Student | '),('1711034','BHAIRABI DAS','Indian','Student | '),('1711035','BHRIGU KR NATH','Indian','Student | '),('1711036','SHANDILYA MAHANTA','Indian','Student | '),('1711037','ASFAQUE LASKAR','Indian','Student | '),('1711038','ANURAG G TALUKDAR','Indian','Student | '),('1711040','KEKLUK HAJI','Indian','Student | '),('1711041','KUSHAL DEB ROY','Indian','Student | '),('1711042','YASH BANTHIA','Indian','Student | '),('1711043','AKASH JYOTI BONIA','Indian','Student | '),('1711044','SRI JUKTI NATH DAS','Indian','Student | '),('1711045','S.MUGUNTHAN','Indian','Student | '),('1711046','NITU MANI SARMA','Indian','Student | '),('1711048','MRIGANKA BARUAH','Indian','Student | '),('1711049','AMITABH KUMAR DEY','Indian','Student | '),('1711050','YASH PRABHAT PRIADARSHI','Indian','Student | '),('1711051','MADHURJYA KAKATI','Indian','Student | '),('1711052','UPASH JYOTI BHARADWAJ','Indian','Student | '),('1711054','RANDHEER KUMAR','Indian','Student | '),('1711055','SOURABH DUBEY','Indian','Student | '),('1711056','ENAMUL HUSSAIN','Indian','Student | '),('1711058','GAURAV KISHORE','Indian','Student | '),('1711059','RUPAK MANDAL','Indian','Student | '),('1711060','PAPPU KUMAR','Indian','Student | '),('1711061','PRADEEPTA DEY','Indian','Student | '),('1711062','SAJJAN KAMBLI','Indian','Student | '),('1711063','RUTH L.MALSAWMZUALI','Indian','Student | '),('1711064','MAYANK CHAUDHARY','Indian','Student | '),('1711065','TUSHAR AGARWAL','Indian','Student | '),('1711066','SHIAK.HANEEF AHMED','Indian','Student | '),('1711067','DEEPAK KUMAR','Indian','Student | '),('1711068','LOCHARLA MODA SATYA SRI HARSHA','Indian','Student | '),('1711069','JYOTI PRASAD GUPTA','Indian','Student | '),('1711070','KAUSHAL ARYA','Indian','Student | '),('1711071','PRADEEP PANDEY','Indian','Student | '),('1711073','SHIVAM JAGARWAD','Indian','Student | '),('1711074','KOUSTOBH RONVEER BORAH','Indian','Student | '),('1711075','SHASHI RANJAN','Indian','Student | '),('1711076','AJAY KUMAR MEENA','Indian','Student | '),('1711077','SAYAN DEY','Indian','Student | '),('1711078','ABDUS SAQUIB BEPARI','Indian','Student | '),('1711079','ANKUR DAS','Indian','Student | '),('1711080','MOHAN SILAMBARASU E','Indian','Student | '),('1711081','KISHAN KUMAR','Indian','Student | '),('1711082','ABHILASH BURAGOHAIN','Indian','Student | '),('1711083','SUSHANT DEV','Indian','Student | '),('1711084','SUSHANT SHEKHAR','Indian','Student | '),('1711085','VINOD KUMAR PARSOYA','Indian','Student | '),('1711087','SAURAV KUMAR','Indian','Student | '),('1711088','AMAN KUMAR','Indian','Student | '),('1711089','VILLAYAT ALI','Indian','Student | '),('1711091','VAIBHAV KANT MISHRA','Indian','Student | '),('1711092','SUBODH KUMAR','Indian','Student | '),('1711093','RITADEEP SAHA','Indian','Student | '),('1711094','HARSHIT AWASTHI','Indian','Student | '),('1711095','VIKASH KUMAR UDAINIYA','Indian','Student | '),('1711096','RAHUL KUMAR SINGH','Indian','Student | '),('1711097','GAGAN PRAKASH TIWARI','Indian','Student | '),('1711098','RAMANAND KUMAR','Indian','Student | '),('1711099','AKHIL KUMAR PATHAK','Indian','Student | '),('1711100','RAM MANI RAI','Indian','Student | '),('1711101','SIDDHARTHA VASU','Indian','Student | '),('1711102','BALVANT KUMAR','Indian','Student | '),('1711103','SUMANT KUMAR','Indian','Student | '),('1711104','GOURAV DEY','Indian','Student | '),('1711105','SMRITI','Indian','Student | '),('1711106','TUSHAR VERMA','Indian','Student | '),('1711107','SHASHANK BABU','Indian','Student | '),('1711108','VIKAS MANGLAM YADAV','Indian','Student | '),('1711109','RAUSHAN RAJ','Indian','Student | '),('1711111','YASH GUPTA','Indian','Student | '),('1711112','SAURABH YADAV','Indian','Student | '),('1711113','PRITI KUMARI','Indian','Student | '),('1711114','RANDHIR NAYAN','Indian','Student | '),('1711115','ANGSHUMAN SAIKIA','Indian','Student | '),('1711116','NAVEEN SINGH','Indian','Student | '),('1711117','DIBYADARSHINI DAS','Indian','Student | '),('1711118','NAQIBULLAH','Indian','Student | '),('1711119','SAYED MUSTAFA','Afghan','Student | '),('1712001','SUBHASH KUMAR JAISWAL','Afghan','Student | '),('1712002','RIZVAAN MEDHI','Indian','Student | '),('1712003','SHABAB AHMED LASKAR','Indian','Student | '),('1712004','HARSHIT KUMAR','Indian','Student | '),('1712005','SOHAIL SAJID ALAM','Indian','Student | '),('1712006','BIJESH SINGHA','Indian','Student | '),('1712007','RAJASHREE BAKAL','Indian','Student | '),('1712008','SAMRAT DUTTA ROY','Indian','Student | '),('1712009','KARAN CHETRI','Indian','Student | '),('1712010','MUKUNDA MADHAB SHARMA','Indian','Student | '),('1712011','IMRAN HUSSAIN MAZUMDER','Indian','Student | '),('1712012','KAMALJYOTI KASHYAP','Indian','Student | '),('1712013','SUMIT KUMAR SAH','Indian','Student | '),('1712014','VAIBHAV FATEHPURIYA','Indian','Student | '),('1712015','MANASH JYOTI DAS','Indian','Student | '),('1712016','PANCHANAN MALI','Indian','Student | '),('1712017','ABHISHEK BORDOLOI','Indian','Student | '),('1712018','RIPUNJOY SARMA','Indian','Student | '),('1712020','AVEEK SHARMA','Indian','Student | '),('1712022','LAKHINATH DAS','Indian','Student | '),('1712023','JATINDRA CHUNGKRANG','Indian','Student | '),('1712024','MARTHIN PEGU','Indian','Student | '),('1712025','ROHAN DATTA PURKAYASTHA','Indian','Student | '),('1712027','UTTARAN SAIKIA','Indian','Student | '),('1712028','PRAKASHDEEP DAS','Indian','Student | '),('1712029','ADITYA KUMAR','Indian','Student | '),('1712030','GAURAV HISSARIYA','Indian','Student | '),('1712031','ANGSHUMAN BAROI','Indian','Student | '),('1712032','LAVKUSH KUMAR','Indian','Student | '),('1712033','SHIVAM VERMA','Indian','Student | '),('1712034','SACHIN GOYAL','Indian','Student | '),('1712035','ARPIT KUMAR','Indian','Student | '),('1712036','MILAN SAINI','Indian','Student | '),('1712037','RAJDEEP SARMAH','Indian','Student | '),('1712038','YASH VARDHAN SHUKLA','Indian','Student | '),('1712039','DEBASISH KASHYAP','Indian','Student | '),('1712040','ANKIT PURBEY','Indian','Student | '),('1712041','RAJKAMAL NATH MEDHI','Indian','Student | '),('1712042','SAMUDRA JIT BORUAH','Indian','Student | '),('1712043','ABINASH SAIKIA','Indian','Student | '),('1712044','MD.NAHID AHMED LASKAR','Indian','Student | '),('1712045','AVISHEK GOSWAMI','Indian','Student | '),('1712046','ABHISHEK KUMAR','Indian','Student | '),('1712047','PARAG JYOTI NATH','Indian','Student | '),('1712048','SWARUP PANDEY','Indian','Student | '),('1712049','AVIRAL VARDIYA','Indian','Student | '),('1712051','SWASTIK JENA','Indian','Student | '),('1712052','GAURAV BISHT','Indian','Student | '),('1712055','VINNAMALA DEVA KUMAR REDDY','Indian','Student | '),('1712056','BIDYUT BIKASH DUTTA','Indian','Student | '),('1712057','PRAVEEN KUMAR SINGH','Indian','Student | '),('1712058','NANDAN KUMAR','Indian','Student | '),('1712059','SUBHASISH CHAKRABORTY','Indian','Student | '),('1712060','SUBHAJYOTI NATH','Indian','Student | '),('1712061','MD FARHAN AHMAD','Indian','Student | '),('1712062','ANGSHUMAN KALITA','Indian','Student | '),('1712063','RAJAN SINGH','Indian','Student | '),('1712064','ATANU PAUL','Indian','Student | '),('1712065','RITURAJ CHOUDHURY','Indian','Student | '),('1712066','SAAHIL TOPPO','Indian','Student | '),('1712067','SAMRAT NILESH','Indian','Student | '),('1712068','RAJWANT YADAV','Indian','Student | '),('1712069','GYAN PRAKASH','Indian','Student | '),('1712070','VISHNU KUMAR','Indian','Student | '),('1712071','PANNALAL ROY','Indian','Student | '),('1712072','SUPROTIM SINGHA CHOUDHURY','Indian','Student | '),('1712073','AMITESH KUMAR','Indian','Student | '),('1712074','ROHIT KUMAR YADAV','Indian','Student | '),('1712075','ABHISHEK SHARMA','Indian','Student | '),('1712076','PARTHO PRATIM NATH','Indian','Student | '),('1712077','AMIT KUMAR','Indian','Student | '),('1712078','RISHABH JAIN','Indian','Student | '),('1712080','PINKU GOGOI','Indian','Student | '),('1712081','YASH KUMAR','Indian','Student | '),('1712082','GITURAJ SAIKIA','Indian','Student | '),('1712083','SHIVANG PANDEY','Indian','Student | '),('1712084','BARBIE RAJKHOWA','Indian','Student | '),('1712085','ASHUTOSH SHUKLA','Indian','Student | '),('1712086','GAURAV HARLALKA','Indian','Student | '),('1712087','JOYDEEP KUMAR NATH','Indian','Student | '),('1712089','SAKET RAI','Indian','Student | '),('1712090','SUDHIR KUMAR','Indian','Student | '),('1712091','ABHIMANYU PRATAP SINGH','Indian','Student | '),('1712092','RAHUL THAKUR','Indian','Student | '),('1712093','ARSH SRIVASTAVA','Indian','Student | '),('1712094','SAMA YASHWANTH REDDY','Indian','Student | '),('1712095','MAYURJYOTI NEOG','Indian','Student | '),('1712096','SHIVAM RAJ','Indian','Student | '),('1712097','PRADEEP KUMAR SINGH','Indian','Student | '),('1712098','ANKIT KUMAR','Indian','Student | '),('1712099','BANAVATH ADITYA NAIK','Indian','Student | '),('1712100','SUMIT KUMAR','Indian','Student | '),('1712101','VIVEK KUMAR','Indian','Student | '),('1712102','SHUBHAM JOSHI','Indian','Student | '),('1712103','AMAN RAI','Indian','Student | '),('1712104','SUMIT KUMAR','Indian','Student | '),('1712105','RUPAM DAS','Indian','Student | '),('1712106','GORREMUTCHU RAJU KOTI','Indian','Student | '),('1712107','SHIVAM GARG','Indian','Student | '),('1712108','BALKRISHAN MEENA','Indian','Student | '),('1712110','DHAWAN KUMAR','Indian','Student | '),('1712111','POLOJU SHASHIDHAR SAI','Indian','Student | '),('1712112','SANGEPU LEELA SAI KIRAN','Indian','Student | '),('1712113','PRIYAM ASIM','Indian','Student | '),('1712114','NAVEEN CHOUHAN','Indian','Student | '),('1712115','PRADYUT PROTIM GOSWAMI','Indian','Student | '),('1712116','RAJKUMAR','Indian','Student | '),('1712117','BIJENDRA KUMAR SINGJH','Indian','Student | '),('1712118','SUDHANSHU DEVENDRA SHARMA','Indian','Student | '),('1712119','NITIN KUMAR','Indian','Student | '),('1712120','ATANU CHOWDHURY','Indian','Student | '),('1712121','PRAGYAN JYOTI SANDILYA','Indian','Student | '),('1712122','JYOTIKRISHNAN KUMAR KALITA','Indian','Student | '),('1712123','GULSHAN KUMAR','Indian','Student | '),('1713001','P. PRABAL DWEEP BARMAN','Indian','Student | '),('1713002','RITUPARNA KHAUND','Indian','Student | '),('1713003','GAURAV PATOWARI','Indian','Student | '),('1713004','SOUGATA LAGA','Indian','Student | '),('1713005','SWETA DAS','Indian','Student | '),('1713006','ABHIJIT SINGH','Indian','Student | '),('1713007','BHARGAV BHARATI','Indian','Student | '),('1713008','SUCHISMITA SAHA','Indian','Student | '),('1713009','RUPAM BAISHYA','Indian','Student | '),('1713010','ABHIGYAN BORA','Indian','Student | '),('1713011','SOURADEEP CHAKRABORTY','Indian','Student | '),('1713012','KARAN GOALA','Indian','Student | '),('1713013','AISHIK DAS','Indian','Student | '),('1713014','SURUJ KR SARANIA','Indian','Student | '),('1713015','AMIT SINGH SHEKHAWAT','Indian','Student | '),('1713016','RAHUL LAMICHANE CHETRI','Indian','Student | '),('1713017','ABHISHEK SAHU','Indian','Student | '),('1713018','RAJESH ROY','Indian','Student | '),('1713019','HORICHARAN PEGU','Indian','Student | '),('1713020','OZIAS THUOITULIEN KEIVOM','Indian','Student | '),('1713021','ASHAPRIYA BORGOHAIN','Indian','Student | '),('1713022','AMITABH DEB','Indian','Student | '),('1713023','DEEPAYAN DAS','Indian','Student | '),('1713024','PANKAJ MECH','Indian','Student | '),('1713025','SNEHODEEP BANIK','Indian','Student | '),('1713026','RISHAB SURANA','Indian','Student | '),('1713027','ANKUR DAS','Indian','Student | '),('1713028','ADITYA NARAYAN DUTTA','Indian','Student | '),('1713029','SHYAMAL JHA','Indian','Student | '),('1713030','GAUTAM KUMAR','Indian','Student | '),('1713032','NIKHIL RAJ','Indian','Student | '),('1713033','NEEL KAMAL','Indian','Student | '),('1713034','ABHISHEK KUMAR','Indian','Student | '),('1713035','MRIGANKA SHEKHAR SARMA','Indian','Student | '),('1713036','SANNU PRIYA','Indian','Student | '),('1713037','RITURAJ NATH','Indian','Student | '),('1713038','BICKY BAILUNG','Indian','Student | '),('1713039','VICKY KUMAR','Indian','Student | '),('1713040','MOHSIN SADEK','Indian','Student | '),('1713041','SAYAN BHOWMIK','Indian','Student | '),('1713042','PRIYA NATH','Indian','Student | '),('1713043','AMAN KUMAR','Indian','Student | '),('1713044','DHRUBAJYOTI BARMAN','Indian','Student | '),('1713045','SUDHANSHU RANJAN','Indian','Student | '),('1713046','DEEPANWITA DHAR','Indian','Student | '),('1713047','RAVI RAJ','Indian','Student | '),('1713048','KANKANA MEDHI','Indian','Student | '),('1713049','AMRISH KUMAR GAUTAM','Indian','Student | '),('1713050','ANIRBAN ROY','Indian','Student | '),('1713051','SUBHRAJEET DAS','Indian','Student | '),('1713052','ASHISH RATNAKAR','Indian','Student | '),('1713053','MANSUR AHMED LASKAR','Indian','Student | '),('1713054','K LAMNGANBI SINGHA','Indian','Student | '),('1713055','TANMAY SARDAR','Indian','Student | '),('1713056','DILDAR RAZZA LASKAR','Indian','Student | '),('1713057','ABU BAKKAR SIDDIQUE','Indian','Student | '),('1713058','GALIB HAZARIKA','Indian','Student | '),('1713059','ANAND SHARMA','Indian','Student | '),('1713060','ISHITA BANDYOPADHYAY','Indian','Student | '),('1713061','RISHIKESH SUTRADHAR','Indian','Student | '),('1713062','BOLISETTI DHEERAJ','Indian','Student | '),('1713063','PRITESH ABHISHEK','Indian','Student | '),('1713064','ASHISH RAJ','Indian','Student | '),('1713065','PRAVEEN KUMAR','Indian','Student | '),('1713066','ANKIT SRIVASTAVA','Indian','Student | '),('1713067','PATIL MAKARAND RAJESH','Indian','Student | '),('1713068','SHUBHAM BHALCHANDRA GADHARI','Indian','Student | '),('1713069','VIJAY GUPTA','Indian','Student | '),('1713070','PARIMAL KUSHWAHA','Indian','Student | '),('1713071','ANKIT MAHENDRA KITE','Indian','Student | '),('1713072','ATUL SHUKLA','Indian','Student | '),('1713073','RAHUL JAIN','Indian','Student | '),('1713074','SHUBHAM SINGH','Indian','Student | '),('1713075','SUNNY DANG','Indian','Student | '),('1713076','DHEERSINGH JHOORAWAT','Indian','Student | '),('1713077','SHUBHAM YADAV','Indian','Student | '),('1713078','ROHIT KUMAR LOHIA','Indian','Student | '),('1713079','AKASH VERMA','Indian','Student | '),('1713080','ANKIT KUMAR','Indian','Student | '),('1713082','ARYAN SETU','Indian','Student | '),('1713085','UTKARSH RAI','Indian','Student | '),('1713086','ASHISH KUMAR SAHOO','Indian','Student | '),('1713087','AVNISH ANAND','Indian','Student | '),('1713088','ABHINAV MEENA','Indian','Student | '),('1713089','RITIKA DUBEY','Indian','Student | '),('1713090','PAVISHNU','Indian','Student | '),('1713093','RANJAN BAISHYA','Indian','Student | '),('1713094','APOORVA VIKRAM SINGH','Indian','Student | '),('1713095','VIKASH KUMAR','Indian','Student | '),('1713097','MANISH KUMAR','Indian','Student | '),('1713098','ADITYA SINGH','Indian','Student | '),('1713099','SHAHNAZA YOUSUF','Indian','Student | '),('1713100','ABHISHEK KUMAR GUPTA','Indian','Student | '),('1713101','SURATH KUMAR SRIVASTVA','Indian','Student | '),('1713102','ROHIT SIKARWAR','Indian','Student | '),('1713104','MOHIT BHAGTANI','Indian','Student | '),('1713106','CHANDAN KUMAR','Indian','Student | '),('1713107','RAJESH KUMAR SAHU','Indian','Student | '),('1713108','AKASH BAYAN','Indian','Student | '),('1713109','PIYUSH JHA','Indian','Student | '),('1713110','PRASHANT LODHI','Indian','Student | '),('1713111','SATTI.PHANINDRA REDDY','Indian','Student | '),('1713112','KETAN KISHORE','Indian','Student | '),('1713113','NAVNIT BHASKAR','Indian','Student | '),('1713114','ANUJ KUMAR','Indian','Student | '),('1713115','ADITYA RAJ SUMAN','Indian','Student | '),('1713116','SUMAN MAJUMDER','Indian','Student | '),('1713117','JARUPULA RAKESH','Indian','Student | '),('1713118','MUNNA KUMAR PANDEY','Indian','Student | '),('1714001','JHINUK SANTRA','Indian','Student | '),('1714002','MOUSUMI DAS','Indian','Student | '),('1714003','RAJARSHI CHAKRABORTY','Indian','Student | '),('1714004','K.SANDEEP RAJ','Indian','Student | '),('1714005','SHIKHAR GUPTA','Indian','Student | '),('1714006','SUJIT KUMAR NATH','Indian','Student | '),('1714007','REDDY PURNA TEJA','Indian','Student | '),('1714008','AGASTI UDAY SHANKAR','Indian','Student | '),('1714009','DISHARNA DAS','Indian','Student | '),('1714010','GAGAN HARLALKA','Indian','Student | '),('1714011','NAKKA SRIHARSH','Indian','Student | '),('1714012','SAIKLUM RAJA MUSHAHARY','Indian','Student | '),('1714013','AKASHJYOTI HAZARIKA','Indian','Student | '),('1714014','CHIRANJEEB DEB','Indian','Student | '),('1714015','RAJARSHI SINGHA','Indian','Student | '),('1714017','MAYURAKSHI CHANDA','Indian','Student | '),('1714018','MUHI UDDIN HAZARI','Indian','Student | '),('1714019','SANTOSH PANJIYAR','Indian','Student | '),('1714020','AMRIT BISWAS','Indian','Student | '),('1714021','NAYAN PAUL','Indian','Student | '),('1714023','ARNAB DAS','Indian','Student | '),('1714024','SWARAJ BHATTACHARJEE','Indian','Student | '),('1714025','V VARUN KUMAR','Indian','Student | '),('1714026','ABHIGYAN GANGULY','Indian','Student | '),('1714028','RITESH SINGH','Indian','Student | '),('1714030','HIMANKU GOGOI','Indian','Student | '),('1714031','RAHUL DEB','Indian','Student | '),('1714032','KAUSHIK KINGKAR NATH','Indian','Student | '),('1714033','CHANDRIKA MITRA','Indian','Student | '),('1714034','ANUBHAV SACHAN','Indian','Student | '),('1714035','YOGESH KUMAR SHUKLA','Indian','Student | '),('1714036','SUSHMA KUMARI','Indian','Student | '),('1714037','PRATULYA SHASHANK','Indian','Student | '),('1714038','ABHIMANYU SINGH','Indian','Student | '),('1714039','SHIVAM TRIPATHI','Indian','Student | '),('1714040','HRITIK SACHAN','Indian','Student | '),('1714041','SAURAV KUMAR JORWAL','Indian','Student | '),('1714042','JAHNU SARMAH','Indian','Student | '),('1714043','SHREYA DAS','Indian','Student | '),('1714044','SAURAV SINGH','Indian','Student | '),('1714045','SUVAMKAR PAUL','Indian','Student | '),('1714046','SOURAJYOTI BORA','Indian','Student | '),('1714047','PADUM KUMAR DEKA','Indian','Student | '),('1714048','MUKKU.NARASIMHA SATWICK GUPTA','Indian','Student | '),('1714049','KANDIMALLA SAI SRIKAR','Indian','Student | '),('1714050','VISHAL NANDAN MEDHI','Indian','Student | '),('1714051','NAVNEET DHAR','Indian','Student | '),('1714052','RANJEETA KUMARI','Indian','Student | '),('1714053','VISHAL NARAYAN DEKA','Indian','Student | '),('1714054','ANAND GUPTA','Indian','Student | '),('1714055','PRITAM KRISHNA','Indian','Student | '),('1714056','NAVEEN SINGH','Indian','Student | '),('1714057','SIBAM KUMAR DUTTA','Indian','Student | '),('1714058','KAUSTAV MONI BASUMATARY','Indian','Student | '),('1714059','NIKHIL NAGRATH','Indian','Student | '),('1714060','MOTHE ROHITH','Indian','Student | '),('1714061','MONU KUMAR MAHATO','Indian','Student | '),('1714062','NABAJYOTI PANDIT','Indian','Student | '),('1714063','AMLAN JYOTI BARMAN','Indian','Student | '),('1714064','MANASH DAS','Indian','Student | '),('1714065','ANKUR JYOTI NATH','Indian','Student | '),('1714066','RAJESH JELE','Indian','Student | '),('1714067','SAGAR NATH','Indian','Student | '),('1714068','PANKAJ GAUTAM','Indian','Student | '),('1714069','SHOVON SAMANTA','Indian','Student | '),('1714070','PROTYUSH PRADYUT CHOWDHURY','Indian','Student | '),('1714071','VIKRAMJEET SINGH','Indian','Student | '),('1714072','JAHNU BORA','Indian','Student | '),('1714073','KANISHKA PANDEY','Indian','Student | '),('1714074','P SANTHOSH','Indian','Student | '),('1714075','ARINDOM GOSWAMI','Indian','Student | '),('1714076','HRISHIKESH KASHYAP','Indian','Student | '),('1714077','SACHIN RAI','Indian','Student | '),('1714078','SAUMYA GARG','Indian','Student | '),('1714079','DEBIKA KULI','Indian','Student | '),('1714080','ALANKRITA KAKATI','Indian','Student | '),('1714081','KUSHAGRA VERMA','Indian','Student | '),('1714082','TIKKIREDDI KARTHIKEYA RAO','Indian','Student | '),('1714083','ADARSH KUMAR','Indian','Student | '),('1714084','DHARMA TEJA NAIK V','Indian','Student | '),('1714085','BADDE YASHWANTH','Indian','Student | '),('1714086','NEERAJ KUMAR','Indian','Student | '),('1714087','ARPITA PAUL','Indian','Student | '),('1714088','SHUBHANSHU SINGH','Indian','Student | '),('1714089','SUBAM ROY','Indian','Student | '),('1714090','IMANDI NAGA VENKATA MOHAN VAMSI','Indian','Student | '),('1714091','KAMALESH ROY','Indian','Student | '),('1714092','KOUSHIK SONOWAL','Indian','Student | '),('1714093','SAKET BHATT','Indian','Student | '),('1714094','JULKARNAIN SHAHID','Indian','Student | '),('1714095','PAWADI AVINASH','Indian','Student | '),('1714096','TANMAY KUMAR','Indian','Student | '),('1714097','SURYANSH RAJ','Indian','Student | '),('1714098','SANDEEP BOLLA','Indian','Student | '),('1714099','SANCHIT VERMA','Indian','Student | '),('1714100','UNDRAJAVARAPU ASISH RAJ','Indian','Student | '),('1714101','NEKKALA LEELA SIVA NARAYANA','Indian','Student | '),('1714102','DARSHAN CHAKMA','Indian','Student | '),('1714103','NITISH KUMAR BARO','Indian','Student | '),('1714104','MOHITH REDDY CHAGANTI','Indian','Student | '),('1714105','ADDARSH SRIVASTAVA','Indian','Student | '),('1714106','AMAN KUMAR','Indian','Student | '),('1714107','AMAN KUMAR','Indian','Student | '),('1714108','VARANASI SAI CHARAN','Indian','Student | '),('1714109','MITYA KUMARI','Indian','Student | '),('1714110','KUNAM BALARAM REDDY','Indian','Student | '),('1714112','SHIVA RAJESH VATTURI','Indian','Student | '),('1714113','KULDEEP TIWARI','Indian','Student | '),('1714114','RAKESH KUMAR','Indian','Student | '),('1714115','SNEHAL JHA','Indian','Student | '),('1714116','ROSHAN KUMAR THAKUR','Indian','Student | '),('1714117','VARCCHASAVA BHARDWAJ','Indian','Student | '),('1714118','SARANSH KUMAR','Indian','Student | '),('1714119','PRASHANT JHA','Indian','Student | '),('1714120','PRADEEP SINGH','Indian','Student | '),('1714121','SAURAV KUMAR','Indian','Student | '),('1714122','RAHUL RAJ','Indian','Student | '),('1714123','SHREYA SINHA','Indian','Student | '),('1714124','SAKET SUMAN','Indian','Student | '),('1714125','NISHA KASHYAP','Indian','Student | '),('1714126','HRISHIKESH DAS','Indian','Student | '),('1715001','MANASWITA TALUKDAR','Indian','Student | '),('1715002','HIRAK JYOTI BORAH','Indian','Student | '),('1715003','ASIF NAWAZ','Indian','Student | '),('1715004','SHUVO JYOTI SARKAR','Indian','Student | '),('1715005','ANUSHKA MOHANTA','Indian','Student | '),('1715006','ASHMITA ROY MEDHA','Indian','Student | '),('1715007','SABIRA FARHEEN','Indian','Student | '),('1715008','SHIV WARSI','Indian','Student | '),('1715009','USMITA BORO','Indian','Student | '),('1715010','SATASHREE ROY','Indian','Student | '),('1715011','NEETYA PASARI','Indian','Student | '),('1715012','RITU CHOUHAN','Indian','Student | '),('1715013','HIRESH DAS','Indian','Student | '),('1715014','PADMANABHA BHATTACHARJEE','Indian','Student | '),('1715015','BHASKARANANDA BORO','Indian','Student | '),('1715016','VICKY KUMAR YADAV','Indian','Student | '),('1715017','ANGSHUMAN BORA','Indian','Student | '),('1715018','HIMANGSHU KAKATI','Indian','Student | '),('1715019','SUMAN BERA','Indian','Student | '),('1715020','GAGANJYOTI BAISHYA','Indian','Student | '),('1715021','RAHUL KUMAR','Indian','Student | '),('1715022','ABHISHEK JOSHI','Indian','Student | '),('1715023','AHAMED MOHAMMED HUSSAIN','Indian','Student | '),('1715024','TARUN KUMAR','Indian','Student | '),('1715025','RAVI SHANKAR RAJ','Indian','Student | '),('1715026','SWAPNANIL KR. SAIKIA','Indian','Student | '),('1715027','BIKASH SINGHA','Indian','Student | '),('1715028','RAJIB SAHA','Indian','Student | '),('1715029','ABHISEK RAY','Indian','Student | '),('1715030','ABHILASH ROY','Indian','Student | '),('1715031','DEBANGAN THAKURIA','Indian','Student | '),('1715032','NAZIMUL HOQUE','Indian','Student | '),('1715033','MANOJEET DAS','Indian','Student | '),('1715034','MONDEEP DAS','Indian','Student | '),('1715035','ANURAG KUMAR','Indian','Student | '),('1715036','OJASVEE CHAURASIA','Indian','Student | '),('1715037','RASUL AHMED KHAN','Indian','Student | '),('1715038','MAHENDRA SINGH PHARSWAN','Indian','Student | '),('1715039','VIVEK VERMA','Indian','Student | '),('1715040','NILUTPAL NATH','Indian','Student | '),('1715041','SAIKAT MONDAL','Indian','Student | '),('1715042','MANISH UPADHYAYA','Indian','Student | '),('1715043','MENAKURU MEGHANA','Indian','Student | '),('1715044','NAVARUN DAS','Indian','Student | '),('1715045','DEBASHISH MALAKAR','Indian','Student | '),('1715046','ASHUTOSH BHARDWAJ','Indian','Student | '),('1715047','MOOD NEHA CHOUHAN','Indian','Student | '),('1715048','TAPAN SAIKIA','Indian','Student | '),('1715049','AMRIT RAJ','Indian','Student | '),('1715050','MUSKAN GUPTA','Indian','Student | '),('1715051','KUNAMNENI SANDEEP','Indian','Student | '),('1715052','BAIRU MUKESH GOUD','Indian','Student | '),('1715053','ANKIT KUMAR','Indian','Student | '),('1715054','RAUSHAN GANDHI','Indian','Student | '),('1715055','SHREYASH BORKAR','Indian','Student | '),('1715056','STUTI ANAND','Indian','Student | '),('1715057','PINTU SINGH','Indian','Student | '),('1715058','AMIT KUMAR BISWAS','Indian','Student | '),('1715059','ABINASH NATH','Indian','Student | '),('1715060','ARPIT SINGH','Indian','Student | '),('1715061','MOHIT KUMAR','Indian','Student | '),('1715062','SUNIT DAS','Indian','Student | '),('1715063','ADNAN ALI','Indian','Student | '),('1715064','SUBHAM CHAKRABORTY','Indian','Student | '),('1715065','ANIKET PAUL','Indian','Student | '),('1715066','BANDARU SAILOKESH','Indian','Student | '),('1715067','ABHINAV KIRAN','Indian','Student | '),('1715068','SOUMNATH PAUL','Indian','Student | '),('1715069','TUKAN DUTTA','Indian','Student | '),('1715070','ADITYA SONI','Indian','Student | '),('1715071','NIKHIL KUMAR JAIN','Indian','Student | '),('1715072','RISHAB KUMAR CHOUDHURY','Indian','Student | '),('1715073','MANISH BOTHRA','Indian','Student | '),('1715074','DARYLL DOLPHY REBEIRO','Indian','Student | '),('1715075','TATIPARTHY ADHARV','Indian','Student | '),('1715076','MAIRINGDAO HOJAI','Indian','Student | '),('1715077','PRATIK KUMAR SAHA','Indian','Student | '),('1715078','PRANJAL BAISHYA','Indian','Student | '),('1715079','ANUPAM SINGHA','Indian','Student | '),('1715080','ASHUTOSH SINGH','Indian','Student | '),('1715081','ANGEL SAIKIA','Indian','Student | '),('1715082','ADARSH KASHYAP','Indian','Student | '),('1715083','B.SHALINI','Indian','Student | '),('1715084','CHANDUPATLA SUSHANTH REDDY','Indian','Student | '),('1715085','EALAPOLU DILEEP CHOWDARY','Indian','Student | '),('1715086','ABHINANDAN SOMACHETTY','Indian','Student | '),('1715087','SHIVAM SINGH','Indian','Student | '),('1715088','PRABHAKAR KUMAR','Indian','Student | '),('1715089','ADITYA AGRAHARI','Indian','Student | '),('1715090','AMIT KUMAR','Indian','Student | '),('1715091','KHILJI ABDULLAH FAIZ UR RAHMAN','Indian','Student | '),('1715092','YASH BAJORIA','Indian','Student | '),('1715093','ANIKET AGARWALLA','Indian','Student | '),('1715094','DIVYANSHA','Indian','Student | '),('1715095','RAHUL SINGH','Indian','Student | '),('1715096','UTKARSH SINHA','Indian','Student | '),('1715097','PRABHAKAR KUMAR','Indian','Student | '),('1715098','SHREYANSH','Indian','Student | '),('1715099','MANAV AGRAWAL','Indian','Student | '),('1715100','RANIT NATH','Indian','Student | '),('1715101','DANIAL AHMED BARBHUIYA','Indian','Student | '),('1716001','MADHUJYA HAZARIKA','Indian','Student | '),('1716002','TANISHA SINHA','Indian','Student | '),('1716003','SIDDHARTHA DEB','Indian','Student | '),('1716004','PRACHURJYA BASISTHA','Indian','Student | '),('1716005','SOUMYA GUPTA','Indian','Student | '),('1716006','HARSHA VARDHAN DHING','Indian','Student | '),('1716007','MAYUR MALLA BUJAR BARUAH','Indian','Student | '),('1716008','ALOK RANJAN SAH','Indian','Student | '),('1716009','SNIGDHA DAS','Indian','Student | '),('1716010','DIXITA SARKAR','Indian','Student | '),('1716011','MRINAL KRANTI DAS','Indian','Student | '),('1716012','PRAGYAN DEKA','Indian','Student | '),('1716013','SUPRATIM PAUL','Indian','Student | '),('1716014','AMAN GUPTA','Indian','Student | '),('1716015','NENAVATH KIRAN NAIK','Indian','Student | '),('1716016','MONOWAR HOSSAIN','Indian','Student | '),('1716017','BIPRAJIT MAZUMDER','Indian','Student | '),('1716019','NITIN TYAGI','Indian','Student | '),('1716021','VISHAL RAJ','Indian','Student | '),('1716022','SOURAV KUMAR SAIKIA','Indian','Student | '),('1716023','BHUBAN DOLEY','Indian','Student | '),('1716024','SUKDEV DAS','Indian','Student | '),('1716025','ROHIT GUPTA','Indian','Student | '),('1716026','HIMANSHU GUPTA','Indian','Student | '),('1716027','RISHABH NOHWAL','Indian','Student | '),('1716029','PUNESH KUMAR NAYAK','Indian','Student | '),('1716030','SUYASH PANWAR','Indian','Student | '),('1716031','SANDEEP KUMAR','Indian','Student | '),('1716032','AMIT KUMAR DAS','Indian','Student | '),('1716033','SIMRAN SAHU','Indian','Student | '),('1716034','ARINDAM DUTTA','Indian','Student | '),('1716035','ARYA MALLICK','Indian','Student | '),('1716036','ANJANI PANDEY','Indian','Student | '),('1716037','PONNADA GOVINDA RAJU','Indian','Student | '),('1716038','RAJDEEP RAJESH THAKUR','Indian','Student | '),('1716039','KUNAL KUMAR','Indian','Student | '),('1716041','DAITHUN MUSHAHARY','Indian','Student | '),('1716042','SUVAM MONDAL','Indian','Student | '),('1716043','RAMKRISHNA NATH','Indian','Student | '),('1716044','VIVEK DARSHAN SINGH','Indian','Student | '),('1716045','RISHU KUMAR','Indian','Student | '),('1716046','ANKIT RAJ','Indian','Student | '),('1716047','CHIRAG JAIN','Indian','Student | '),('1716048','PANKAJ AGARWAL','Indian','Student | '),('1716049','BISHAL NATH','Indian','Student | '),('1716050','GOLDY SHARMA','Indian','Student | '),('1716051','ASHISH KUMAR ROY','Indian','Student | '),('1716052','BIBHUTI BAISHYA','Indian','Student | '),('1716054','HARSH KUMAR','Indian','Student | '),('1716055','RAJDEEP KUMAR','Indian','Student | '),('1716056','RAJIB DEB','Indian','Student | '),('1716057','HARSH RATHI','Indian','Student | '),('1716058','ANIL KUMAR','Indian','Student | '),('1716059','VIRENDRA KUMAR BALAI','Indian','Student | '),('18-21-101','Pritam Talukdar','Indian','Student | '),('18-21-102','Rupam Gayan','Indian','Student | '),('18-21-103','Ankush Kumar','Indian','Student | '),('18-21-104','Pritam Kumar','Indian','Student | '),('18-21-105','Tushar Khankhoje','Indian','Student | '),('18-21-106','Abhishek Patial','Indian','Student | '),('18-21-107','Bandla Raja','Indian','Student | '),('18-21-108','Sneha Raichel Jimmy','Indian','Student | '),('18-21-109','Himakhi Saikia','Indian','Student | '),('18-21-110','Kondepogu Ravi Prakash','Indian','Student | '),('18-21-111','Aparna Panda','Indian','Student | '),('18-21-112','Bijay Narayan Sarkar','Indian','Student | '),('18-21-113','Ankita Agnihotri','Indian','Student | '),('18-21-114','Rima Manik','Indian','Student | '),('18-21-115','Rakesh Kumar','Indian','Student | '),('18-21-116','Sankalp','Indian','Student | '),('18-21-201','Kunal Bharali','Indian','Student | '),('18-21-202','Anant S. Nair','Indian','Student | '),('18-21-203','Prabuddha Sarkar','Indian','Student | '),('18-21-204','Mwikhwm Narzary','Indian','Student | '),('18-21-205','Aman Kumar','Indian','Student | '),('18-21-207','Navendu Nimare','Indian','Student | '),('18-21-208','Soham Biswas','Indian','Student | '),('18-21-209','Vaishakh P.','Indian','Student | '),('18-21-210','Shiwam Dubey','Indian','Student | '),('18-21-211','Om Prakash Gadtya','Indian','Student | '),('18-21-212','Akashdeep Bordoloi','Indian','Student | '),('18-21-213','Ashish Kumar Singh','Indian','Student | '),('18-21-214','Sagar Harishchandra Dhole','Indian','Student | '),('18-21-215','Parigela Ravali','Indian','Student | '),('18-21-216','Paleti Mohan Krishna','Indian','Student | '),('18-21-217','Malu Anagha Girish','Indian','Student | '),('18-21-218','Prem Sagar Bag','Indian','Student | '),('18-21-219','Rohit Singh Patel','Indian','Student | '),('18-21-301','Anubhav Pratap Singh','Indian','Student | '),('18-21-302','Ankur Kumar','Indian','Student | '),('18-21-303','Nitender Yadav','Indian','Student | '),('18-21-304','Debashis Das','Indian','Student | '),('18-21-305','Pritam Jyoti Gogoi','Indian','Student | '),('18-21-306','Tanpuii Darlong','Indian','Student | '),('18-21-307','Aiondeep Gogoi','Indian','Student | '),('18-21-308','Sanket Paul','Indian','Student | '),('18-21-310','Kandala Venkata Shiva Prasad','Indian','Student | '),('18-21-311','Kanmoni Das','Indian','Student | '),('18-21-312','Bhupan Bodo','Indian','Student | '),('18-21-313','Chinmaya Kumar Samal','Indian','Student | '),('18-21-314','Shashidhar Kundagol','Indian','Student | '),('18-21-315','Ugrasen Poddar','Indian','Student | '),('18-21-316','Sagar Talukdar','Indian','Student | '),('18-21-317','Mohamed Hasain N','Indian','Student | '),('18-21-318','Sanjeev Kumar','Indian','Student | '),('18-21-319','Lalit Swami','Indian','Student | '),('18-21-402','Anna Jose','Indian','Student | '),('18-21-403','Anisuzzaman Ahmed','Indian','Student | '),('18-21-404','Suhit Chakraborty','Indian','Student | '),('18-21-405','Mude Sammu','Indian','Student | '),('18-21-406','Subhranil Saha','Indian','Student | '),('18-21-407','Dhawal Kumar','Indian','Student | '),('18-21-409','Shreya Das','Indian','Student | '),('18-21-410','Suvendu Sardar','Indian','Student | '),('18-21-411','Alok Bijalwan','Indian','Student | '),('18-21-412','Razib Hussain','Indian','Student | '),('18-21-413','Subhatosh Pramanik','Indian','Student | '),('18-21-414','Md. Jakaria Miah','Indian','Student | '),('18-21-416','Debapriyo Ghosh','Indian','Student | '),('18-21-417','Rahul Barman','Indian','Student | '),('18-21-418','Vinu Sunny','Indian','Student | '),('18-21-501','Md Osama Azmi','Indian','Student | '),('18-21-502','Sneh Rathore','Indian','Student | '),('18-21-503','Aniket Kumar','Indian','Student | '),('18-21-504','Manash Pratim Sarma','Indian','Student | '),('18-21-505','Dipankar Baishya','Indian','Student | '),('18-21-506','Sanjay Baidya','Indian','Student | '),('18-21-508','Samayun Sk','Indian','Student | '),('18-21-509','Suman Banerjee','Indian','Student | '),('18-21-510','C. Francis George','Indian','Student | '),('18-21-511','Mulla Yahya Mohammed Asif Fatima Anjum','Indian','Student | '),('18-21-512','Sakul Surendran','Indian','Student | '),('18-21-513','Anoop T S','Indian','Student | '),('18-21-514','Mohit Roy','Indian','Student | '),('18-21-516','Anetta Annu Joseph','Indian','Student | '),('18-21-517','Jahir Iqbal Laskar','Indian','Student | '),('18-21-518','Atul Kumar Verma','Indian','Student | '),('18-21-519','Dilrabin K','Indian','Student | '),('18-22-101','Raghavendra Singh','Indian','Student | '),('18-22-102','Binay Bhushan Bora','Indian','Student | '),('18-22-104','Sonali Priyadarshini Das','Indian','Student | '),('18-22-105','Prayag Raj Chanda','Indian','Student | '),('18-22-106','Sujith T','Indian','Student | '),('18-22-107','Md Shadab Hasan','Indian','Student | '),('18-22-108','Duniwanhi Suchiang','Indian','Student | '),('18-22-109','Saurav Choudhury','Indian','Student | '),('18-22-110','Santanu Borah','Indian','Student | '),('18-22-111','Sreedeep Mohanta','Indian','Student | '),('18-22-112','Divyansh Singh','Indian','Student | '),('18-22-113','Voddepalli Soumith','Indian','Student | '),('18-22-114','Prasant','Indian','Student | '),('18-22-115','Mali Avinash Devidas Alka','Indian','Student | '),('18-22-116','Chandrashekhar','Indian','Student | '),('18-22-117','Pankaj Tularam Bansod','Indian','Student | '),('18-22-118','Ankit Chourasia','Indian','Student | '),('18-22-119','Dannana Ravi Kiran','Indian','Student | '),('18-22-120','Amandeep Kumar Dass','Indian','Student | '),('18-22-201','Govinda Koli','Indian','Student | '),('18-22-202','Sunny Kumar Saurabh','Indian','Student | '),('18-22-203','Anand Mohan Singh','Indian','Student | '),('18-22-204','Jaswant Kumar','Indian','Student | '),('18-22-205','Barun Barman','Indian','Student | '),('18-22-206','Kshounish Brahma','Indian','Student | '),('18-22-207','Chayad Barbhuiya','Indian','Student | '),('18-22-208','Aman Dwivedi','Indian','Student | '),('18-22-210','Anoop K','Indian','Student | '),('18-22-211','Angkan Bania','Indian','Student | '),('18-22-212','Jiomani Talukdar','Indian','Student | '),('18-22-213','Nikimoni Das','Indian','Student | '),('18-22-214','Anuj Kumar','Indian','Student | '),('18-22-215','Vamsi Krishna Majeti','Indian','Student | '),('18-22-216','Plabita Sonowal','Indian','Student | '),('18-22-217','Kumar Saumya','Indian','Student | '),('18-22-218','Vinod Kumar','Indian','Student | '),('18-22-301','Rahul Kumar','Indian','Student | '),('18-22-302','Purohit Dhrumil Maheshkumar','Indian','Student | '),('18-22-303','Sunny Ujlan','Indian','Student | '),('18-22-304','Ashutosh Padhan.','Indian','Student | '),('18-22-305','Arnab Das','Indian','Student | '),('18-22-306','Rahil Rameez','Indian','Student | '),('18-22-401','Vikram Pandey ','Indian','Student | '),('18-22-402','Yogendra Kumar Verma','Indian','Student | '),('18-22-403','Sandeep Kumar Pandey','Indian','Student | '),('18-22-404','Bikash Lahon','Indian','Student | '),('18-22-405','Vinay Kumar Singh','Indian','Student | '),('18-22-406','Rahul Kumar Mahato','Indian','Student | '),('18-22-407','Sandeep Kumar Singh','Indian','Student | '),('18-22-408','Lokavarapu Rama Krishna','Indian','Student | '),('18-23-101','Rakesh Jotder','Indian','Student | '),('18-23-102','Abhinab Gogoi','Indian','Student | '),('18-23-103','Bablu Kumar','Indian','Student | '),('18-23-104','Gandi Yaswanth Rama Siva Narayana','Indian','Student | '),('18-23-105','Koudagani Sunil','Indian','Student | '),('18-23-106','Pallab Roy','Indian','Student | '),('18-23-107','Ravi Raj','Indian','Student | '),('18-23-109','Samdarshi Kumar','Indian','Student | '),('18-23-112','P Dharendrajit Barman','Indian','Student | '),('18-23-114','Karishma K. George','Indian','Student | '),('18-23-115','Mayank Kumar Gupta','Indian','Student | '),('18-23-116','Manoranjan Sahoo','Indian','Student | '),('18-23-117','Raj Aryan','Indian','Student | '),('18-23-118','Abdul Vasih T V','Indian','Student | '),('18-23-119','Faridul Hassan','Indian','Student | '),('18-23-201','Shilalipi Sahoo','Indian','Student | '),('18-23-204','Pawan Singh','Indian','Student | '),('18-23-205','Manash Jyoti Deori','Indian','Student | '),('18-23-206','Aniket Roy','Indian','Student | '),('18-23-207','Dipangkur Dutta','Indian','Student | '),('18-23-209','Rakesh Kumar','Indian','Student | '),('18-23-210','Tirthankar Chakraborty','Indian','Student | '),('18-23-211','Anirban Nanda','Indian','Student | '),('18-23-212','Rohit Kumar Maurya             ','Indian','Student | '),('18-23-213','Sristi Jain','Indian','Student | '),('18-24-101','Baishalee Sonowal','Indian','Student | '),('18-24-102','Sagarika Naik','Indian','Student | '),('18-24-104','Pothala Prasanthkumar','Indian','Student | '),('18-24-105','Mundhe Manasi Madhavrao','Indian','Student | '),('18-24-106','Pinki Shrivas','Indian','Student | '),('18-24-107','Umakanta Padhan','Indian','Student | '),('18-24-108','Kumar Saurav','Indian','Student | '),('18-24-109','Rajarshi Das','Indian','Student | '),('18-24-110','Khan Abdulkaleem Abdulquyyaum','Indian','Student | '),('18-24-111','Debajit Sarma','Indian','Student | '),('18-24-112','Duddekunta Mani Sankara Reddy','Indian','Student | '),('18-24-113','Gupta Shubham Manoj Ranju','Indian','Student | '),('18-24-201','Sanoj Mahato','Indian','Student | '),('18-24-202','Utpal Borah','Indian','Student | '),('18-24-203','Dibyakanti Mahapatra','Indian','Student | '),('18-24-204','Jyoti Pandit','Indian','Student | '),('18-24-205','Avinandan Das','Indian','Student | '),('18-24-206','Era','Indian','Student | '),('18-25-101','Biswal Amitabh Ajaya','Indian','Student | '),('18-25-102','Anwesha Das','Indian','Student | '),('18-25-103','Chandan Kumar','Indian','Student | '),('18-25-104','Abhinaba Dattachaudhuri','Indian','Student | '),('18-25-105','Chengrang N Sangma','Indian','Student | '),('18-25-106','Vikrant Rajput','Indian','Student | '),('18-25-107','Gautam Jee','Indian','Student | '),('18-25-109','K Anand Kr Singha','Indian','Student | '),('18-25-110','Rahul Barman','Indian','Student | '),('18-25-111','Anandamoy Bandyopadhyay','Indian','Student | '),('18-25-112','Dipankar Dekaraja','Indian','Student | '),('18-25-113','Santosh Pal','Indian','Student | '),('18-25-114','Aasawari Sahasrabuddhe','Indian','Student | '),('18-25-115','Ayush Kumar','Indian','Student | '),('18-25-116','Santosh Rajak','Indian','Student | '),('18-26-101','Diptanu Debnath','Indian','Student | '),('18-26-102','Vivek Raj','Indian','Student | '),('18-26-103','Kuldeep Kushwah','Indian','Student | '),('18-26-105','Padole Pratik Sewakram','Indian','Student | '),('18-26-106','Sanjeev Ranjan','Indian','Student | '),('18-3-01-101','Mohammad Ali Choudhury','Indian','Student'),('18-3-01-103','Kamalesh Bhowmik','Indian','Student'),('18-3-01-104','Partha Pratim Sarkar','Indian','Student'),('18-3-01-105','Mukunda Madhab Borah','Indian','Student'),('18-3-01-106','Probhakar Chakravorty','Indian','Student'),('18-3-01-107','Tamal Ghosh','Indian','Student'),('18-3-01-108','Suhail Ahmad Khanday','Indian','Student'),('18-3-01-109','Sandeep Das','Indian','Student'),('18-3-01-110','Ujjawal Kumar Singh','Indian','Student'),('18-3-01-111','Mrinal Kanti Sen','Indian','Student'),('18-3-01-112','Abinash Sahoo','Indian','Student'),('18-3-01-113','Mrinal Kumar Singh','Indian','Student'),('18-3-01-114','Koushik Das','Indian','Student'),('18-3-01-115','Biswajit Samal','Indian','Student'),('18-3-01-116','Satyaprakash Mishra','Indian','Student'),('18-3-01-117','Sudipta Debroy','Indian','Student'),('18-3-01-118','Subham Ghosh','Indian','Student'),('18-3-02-101','Virendra Vishnu Bhagwat','Indian','Student'),('18-3-02-102','Brajesh Kumar Kanchan','Indian','Student'),('18-3-02-103','Krushna Gouda','Indian','Student'),('18-3-02-104','Sandeep Kumar','Indian','Student'),('18-3-02-105','Vavilada Satya Swamy Venkathesh ','Indian','Student'),('18-3-02-106','Dhrijit Kumar Deka','Indian','Student'),('18-3-02-107','Sunil Kumar','Indian','Student'),('18-3-02-108','Dipak Debbarma ','Indian','Student'),('18-3-02-109','Jagannath Reddy','Indian','Student'),('18-3-02-110','Suryakanth','Indian','Student'),('18-3-02-111','Ranjan Majhi','Indian','Student'),('18-3-02-112','Akhileshwar Singh','Indian','Student'),('18-3-02-115','Ms.Vaishali','Indian','Student'),('18-3-02-116','Subhasis Chakravarthy','Indian','Student'),('18-3-02-117','Supreme Das','Indian','Student'),('18-3-02-118','Rutupurna Choudhury','Indian','Student'),('18-3-02-119','Guttikonda Manohar','Indian','Student'),('18-3-02-120','Ms. Ekta Tripathi ','Indian','Student'),('18-3-02-121','Debarup Borah','Indian','Student'),('18-3-02-122','Amarendra Deka','Indian','Student'),('18-3-02-123','Saurabh Sharma','Indian','Student'),('18-3-02-124','Sapam Ningthemba Singh','Indian','Student'),('18-3-02-125','Deepak Kumar Singh','Indian','Student'),('18-3-02-126','Guddakesh Kumar Chandan','Indian','Student'),('18-3-02-127','Mohammad Faizan','Indian','Student'),('18-3-02-128','Benjamin Enoch Basker','Indian','Student'),('18-3-02-129','Dhiraj Raj','Indian','Student'),('18-3-02-130','Sanjeev Ranjan','Indian','Student'),('18-3-02-131','Ms. Namrata Bordoloi','Indian','Student'),('18-3-02-132','Aditya Roy','Indian','Student'),('18-3-02-133','Mukund Kumar','Indian','Student'),('18-3-02-134','Mehdi Mehtab Mirad','Indian','Student'),('18-3-02-135','Kausar Ahmed','Indian','Student'),('18-3-02-136','Mohd Aslam','Indian','Student'),('18-3-02-137','Ms. Shatarupa Biswas','Indian','Student'),('18-3-03-101','Souvik Phadikar','Indian','Student'),('18-3-03-102','Ravi Kumar maji ','Indian','Student'),('18-3-03-103','Pawan Kumar Kushwaha','Indian','Student'),('18-3-03-104','Tirunagaru V. Sarath Kumar','Indian','Student'),('18-3-03-105','Arindam Sanyal ','Indian','Student'),('18-3-03-106','Soumyakanta Samentary','Indian','Student'),('18-3-03-107','Sadasiva Behera','Indian','Student'),('18-3-03-108','Satish Kumar Ramoji','Indian','Student'),('18-3-03-109','Sanjeev Kumar Bhagat','Indian','Student'),('18-3-03-110','Sandipan PrasadChakravarty','Indian','Student'),('18-3-03-111','Ms.Neerja Suresh Dharmale','Indian','Student'),('18-3-03-112','Chitta Ranjan Behera','Indian','Student'),('18-3-03-113','Ashish A. Dongre','Indian','Student'),('18-3-03-114','Jagdish Pitambar Dholwani','Indian','Student'),('18-3-03-115','Alok Kumar Dubey','Indian','Student'),('18-3-03-116','Ms. Nibha Rani','Indian','Student'),('18-3-03-117','Imtiyaz Alam','Indian','Student'),('18-3-03-118','Ganesh Chilakalapudi','Indian','Student'),('18-3-03-119','Manoja Kumar Behera','Indian','Student'),('18-3-03-120','Subash Chandra Sahoo','Indian','Student'),('18-3-03-121','Furquan Nadeem ','Indian','Student'),('18-3-03-122','M. M. Jaganath','Indian','Student'),('18-3-03-123','Satyaki Biswas','Indian','Student'),('18-3-03-124','Mayank Kumar Gautam','Indian','Student'),('18-3-03-125','Ms. Sarita Pal','Indian','Student'),('18-3-03-126','Bhanu Merugu','Indian','Student'),('18-3-03-127','Ramashis Banerjee','Indian','Student'),('18-3-04-101','K. Vanlalawmpuia','Indian','Student'),('18-3-04-102','Ms.Inderpreet Kuar','Indian','Student'),('18-3-04-103','Sagar Dutta','Indian','Student'),('18-3-04-104','Radhe Gobinda Debnath','Indian','Student'),('18-3-04-106','Ravi Singh Kurmvanshi','Indian','Student'),('18-3-04-107','Ms. Swagata Devi','Indian','Student'),('18-3-04-108','Amlan Nag','Indian','Student'),('18-3-04-109','Neeraj Kumar Niranjan','Indian','Student'),('18-3-04-110','Ms.Karabi Baruah','Indian','Student'),('18-3-04-111','Osor Pertin','Indian','Student'),('18-3-04-112','Debika Das','Indian','Student'),('18-3-04-113','Suman Modak','Indian','Student'),('18-3-04-114','Nirmalya Das','Indian','Student'),('18-3-04-116','Sagarika Choudhury','Indian','Student'),('18-3-04-117','Madhumitha Paul','Indian','Student'),('18-3-04-118','Abdul Abbas Barbhuiya','Indian','Student'),('18-3-04-119','Abhishek Mondal ','Indian','Student'),('18-3-04-120','Abhinaba Dey','Indian','Student'),('18-3-04-121','Ashutosh Srivastav','Indian','Student'),('18-3-04-122','Debanjali Sarkar','Indian','Student'),('18-3-04-123','Jishnu Ghosh','Indian','Student'),('18-3-04-124','Rajan Singh ','Indian','Student'),('18-3-04-125','Wangkheirakpam Vandana Devi','Indian','Student'),('18-3-04-126',' Jagritee Talukdar','Indian','Student'),('18-3-04-127','Amit Roy','Indian','Student'),('18-3-04-128','Jyoti Mohanty','Indian','Student'),('18-3-04-129','N. Jagan Mohan ','Indian','Student'),('18-3-04-131','Siddhartha Roy','Indian','Student'),('18-3-04-132','Monideepa Das','Indian','Student'),('18-3-05-101','Ms.Moumita Roy','Indian','Student'),('18-3-05-102','Ms.Arpita Nath Boruah','Indian','Student'),('18-3-05-103','Sujit Kumar Das','Indian','Student'),('18-3-05-104','Pantha Kanthi Nath','Indian','Student'),('18-3-05-105','Sumanta Banerjee','Indian','Student'),('18-3-05-106','Banamali  Das','Indian','Student'),('18-3-05-107','Sabuzima Nayak','Indian','Student'),('18-3-05-108','Arnab Kumar Mishra','Indian','Student'),('18-3-05-109','Loitonngbam Sanayai Meetei','Indian','Student'),('18-3-05-110','Candy Lalrempuii ','Indian','Student'),('18-3-05-111','Puja Sarkar','Indian','Student'),('18-3-06-101','Mr.Praveen Kumar Nambisan T.M','Indian','Student'),('18-3-06-102','Krishanu Nath','Indian','Student'),('18-3-06-104','Pragnaleena Debroy','Indian','Student'),('18-3-21-101','Sisir Das','Indian','Student'),('18-3-21-102','Ms. Neha Jain','Indian','Student'),('18-3-22-101','Ms. Nishi Gupta','Indian','Student'),('18-3-22-102','Subhendu Shekhar Roy','Indian','Student'),('18-3-22-103','Ms. Rubi Das','Indian','Student'),('18-3-22-104','Vivek Kumar ','Indian','Student'),('18-3-22-105','Sandip Saha ','Indian','Student'),('18-3-22-106',' M. Sri Srinivasa Raju Modampuri','Indian','Student'),('18-3-22-107','Abhijit Barman ','Indian','Student'),('18-3-22-108','Asish  Adak ','Indian','Student'),('18-3-22-109','Ms. Sangeeta Saha ','Indian','Student'),('18-3-22-110','Rajeev Das','Indian','Student'),('18-3-22-112','Subhankar Jana','Indian','Student'),('18-3-23-101','Mr. Bishwajit Changmai','Indian','Student'),('18-3-23-102','Ms. Ankita Jalan','Indian','Student'),('18-3-23-103','Bishal Das','Indian','Student'),('18-3-23-104','Monjur Hassan Barbhuiya','Indian','Student'),('18-3-23-105','Shaswat Vikram Gupta','Indian','Student'),('18-3-24-101','Nilakshi Das','Indian','Student'),('18-3-24-102','Ms. Anwesha Mahapatra','Indian','Student'),('18-3-24-103','Nikhil S.K','Indian','Student'),('18-3-24-104','Nipom Sekhar Das','Indian','Student'),('18-3-24-105','Rajesh Deb','Indian','Student'),('18-3-25-101','Mr. Saroj Kumar Koiri','Indian','Student'),('18-3-25-102','Ms. Manisha Goswami ','Indian','Student'),('18-3-25-103','Ms. Priyanka  Roy','Indian','Student'),('18-3-25-104','Abhijit Ranjan Das','Indian','Student'),('18-47-101','Munje Apoorv Mahesh','Indian','Student'),('18-47-102','Thejangule Zaphu','Indian','Student'),('18-47-103','Lokendra Singh','Indian','Student'),('18-47-104','Manish Das ','Indian','Student'),('18-47-105','Sakshi Gupta','Indian','Student'),('18-47-106','Anuswar Satpathy','Indian','Student'),('18-47-107','Abhinaw Yadav','Indian','Student'),('18-47-108','Yogita','Indian','Student'),('18-47-109','Afsana Zannat Ahmed','Indian','Student'),('18-47-110','Helips Mili','Indian','Student'),('18-48-101','Suraj Gupta Bora','Indian','Student'),('18-48-102','Tiyasa Dhar','Indian','Student'),('18-48-103','Bidyut Daimary','Indian','Student'),('18-48-105','Dharmajit Brahma','Indian','Student'),('18-48-106','Richa Shree','Indian','Student'),('18-48-107','Nabanita Roy','Indian','Student'),('18-48-108','Singh Akta Ramkishor Mira','Indian','Student'),('18-48-109','Dubey Nitin Vimlesh Santosh','Indian','Student'),('18-48-110','Swarnali Nath','Indian','Student'),('18-48-111','Naman Tandon','Indian','Student'),('18-48-113','Chakraborty Ananya Debashree','Indian','Student'),('18-48-115','Ravi Purbey','Indian','Student'),('18-49-101','Sowmya Bhowmick','Indian','Student'),('18-49-102','Bibhas Ghanta','Indian','Student'),('18-49-103','Siddharth','Indian','Student'),('18-49-104','Rahul Kumar Agrawal','Indian','Student'),('18-49-105','Aiswarya Puhan','Indian','Student'),('18-49-106','Rajesh Kumar','Indian','Student'),('18-49-107','Mayur Meshram','Indian','Student'),('18-49-108','Joshi Pushkar Shrikant Maneesha','Indian','Student'),('18-49-109','Roopam Pandey','Indian','Student'),('18-49-111','Blesson Tom Joseph','Indian','Student'),('18-50-101','Sukanya Sarkar','Indian','Student'),('18-50-102','Rubu Gogoi','Indian','Student'),('18-50-103','Jayabrata Dhar','Indian','Student'),('18-50-104','Sotodru Dey','Indian','Student'),('18-50-105','Hridkamal Biswas','Indian','Student'),('18-50-107','Abhishek Chatterjee','Indian','Student'),('18-50-108','Padmakshi Bhattacharjee','Indian','Student'),('18-50-109','Juthika  Acharjee','Indian','Student'),('18-50-110','Sonika Sarda','Indian','Student'),('18-50-111','Sneha Bhattacharjee','Indian','Student'),('18-50-112','Rohit Kurmi','Indian','Student'),('18-50-113','Arumalla Pooja','Indian','Student'),('18-50-114','Prasenjit Choudhury','Indian','Student'),('18-50-115','Shikha Agrawal','Indian','Student'),('18-50-117','Arpita Dey','Indian','Student'),('18-50-118','Nabadeep Borah','Indian','Student'),('18-50-119','Bhargab Gogoi','Indian','Student'),('18-50-120','Palash Jyoti Borah','Indian','Student'),('18-50-121','Jahidul Islam','Indian','Student'),('18-50-122','Yashashwini Kashyap','Indian','Student'),('18-50-123','Uddipan Bharadwaj Bhuyan','Indian','Student'),('18-50-124','Arundhati Atreya','Indian','Student'),('18-50-125','Bishal Paul','Indian','Student'),('18-50-126','Swapneel Bora','Indian','Student'),('18-50-127','Bishal Sinha','Indian','Student'),('18-50-128','Sayantani Ghosh','Indian','Student'),('18-50-129','Lakhyajit Kalita','Indian','Student'),('18-50-130','Samiran Das','Indian','Student'),('18-50-131','Pradipta Nath','Indian','Student'),('18-50-132','Anshu Shailesh','Indian','Student'),('18-50-133','Spoorthy Keyan Punna','Indian','Student'),('18-50-134','Subhankar De','Indian','Student'),('18-50-135','Vivek Kumar Goswami','Indian','Student'),('18-50-136','Pawan Kumar Yadav','Indian','Student'),('18-50-137','Tutu Moni Kashyap','Indian','Student'),('18-50-138','Tanima Mitra','Indian','Student'),('18-50-140','Rohit Suklabaidya','Indian','Student'),('18-50-142','Ziree Ziree Daimary','Indian','Student'),('18-50-145','Purnima Sharma','Indian','Student'),('18-50-146','Antara Saha','Indian','Student'),('18-50-147','Archita Tarat','Indian','Student'),('18-50-148','Shankhasubhra Bhattacharjee','Indian','Student'),('18-50-149','Debopriya Paul','Indian','Student'),('18-50-150','Anup Kar','Indian','Student'),('1811001','SOUNAK DAS GUPTA','Indian','Student | '),('1811002','SANJITA DAS','Indian','Student | '),('1811003','ROHIT DEB','Indian','Student | '),('1811004','TANMOYEE SARKAR','Indian','Student | '),('1811005','UDIPTA BARUAH','Indian','Student | '),('1811006','SANDIPAN DEKA','Indian','Student | '),('1811007','ABHISEK CHANDA','Indian','Student | '),('1811008','BISHAL PATHAK','Indian','Student | '),('1811009','SURAJ SINGH','Indian','Student | '),('1811010','RICHA HAJOWARY','Indian','Student | '),('1811011','ARINDAM KHARGHORIA','Indian','Student | '),('1811012','NISHANTA SHEKHAR MEDHI','Indian','Student | '),('1811013','SAMUJJAL BISWAS','Indian','Student | '),('1811014','BAHNIMAN TALUKDAR','Indian','Student | '),('1811015','VIVEK DAS','Indian','Student | '),('1811016','NURUL HUSSAIN','Indian','Student | '),('1811017','TAPOSHII ROY CHOUDHURY','Indian','Student | '),('1811018','KOUSHIK DAS','Indian','Student | '),('1811019','MIYIR TAIPODIOA','Indian','Student | '),('1811020','JUGAL PRATIM DAS','Indian','Student | '),('1811021','JYOTI RANJAN NATH','Indian','Student | '),('1811022','HILLOL DAS','Indian','Student | '),('1811023','SAGOLSEM LOYALAKPA SINGH','Indian','Student | '),('1811024','RAJNISH SARMAH','Indian','Student | '),('1811025','KANGKANA BORO','Indian','Student | '),('1811026','NAYAN MONI BORAH','Indian','Student | '),('1811027','VIKASH KUMAR SAHANI','Indian','Student | '),('1811028','SANJAY JYOTI BORAH','Indian','Student | '),('1811029','DEBANJAN DAS','Indian','Student | '),('1811030','KULOJIT NATH','Indian','Student | '),('1811031','SANCHAYITA NANDI','Indian','Student | '),('1811032','MOUSUM KUMAR DAS','Indian','Student | '),('1811033','ANAND DAS','Indian','Student | '),('1811034','BITUPON CHETIA','Indian','Student | '),('1811035','SANJEEV THAKURIA','Indian','Student | '),('1811036','SUBHADIP BHATTACHARJEE','Indian','Student | '),('1811037','ASHINI GOGOI','Indian','Student | '),('1811038','ANURAG SHARMA','Indian','Student | '),('1811039','KISHAN KHETAWAT','Indian','Student | '),('1811040','PURUSUTTAM MEDOK','Indian','Student | '),('1811041','RITURAJ KR SHARMA','Indian','Student | '),('1811042','KANDLAKUTI VASANTH KUMAR','Indian','Student | '),('1811043','JINNAT ALI AHMED','Indian','Student | '),('1811044','ANANYA BAISHYA','Indian','Student | '),('1811045','VIKAS KUMAR','Indian','Student | '),('1811046','DIPANKAR NATH','Indian','Student | '),('1811047','ARPITA DAS','Indian','Student | '),('1811048','DEBOTOSH NATH','Indian','Student | '),('1811049','TOKO JOTAM','Indian','Student | '),('1811050','TAUFIQUL HASAN','Indian','Student | '),('1811051','ABHIJEET PATHAK','Indian','Student | '),('1811052','PRADIPTA MALI','Indian','Student | '),('1811053','DHANYASI NITHIN','Indian','Student | '),('1811054','SONJYOTI NATH','Indian','Student | '),('1811055','NILIM SHARMA','Indian','Student | '),('1811056','MIDING TAMUK','Indian','Student | '),('1811057','SIDDHARTA BHOWMIK','Indian','Student | '),('1811058','RITURAJ KUMAR','Indian','Student | '),('1811059','RINCHUI SHIYANG','Indian','Student | '),('1811060','SUDIP ADHIKARI','Indian','Student | '),('1811061','ABHISHEK AMAN','Indian','Student | '),('1811062','MONFRAULINE GOGOI','Indian','Student | '),('1811063','AMARTYA DEY','Indian','Student | '),('1811064','MATHIREDDI JAYASREE','Indian','Student | '),('1811065','ATUL YADAV','Indian','Student | '),('1811066','SUSHANT KUMAR','Indian','Student | '),('1811067','AMARJEET PASWAN','Indian','Student | '),('1811068','KANGKANA SHARMAH','Indian','Student | '),('1811069','VANGA ROHITH GOUD','Indian','Student | '),('1811070','SATENDRA KUMAR SINGH','Indian','Student | '),('1811071','VIKRAM KUMAR','Indian','Student | '),('1811072','RAHUL RAJKHOWA','Indian','Student | '),('1811073','ABY CHACKO','Indian','Student | '),('1811074','SHAILY BANSAL','Indian','Student | '),('1811075','ADITYA RAJ','Indian','Student | '),('1811076','NITESH YADAV','Indian','Student | '),('1811077','ANANYA SINGH','Indian','Student | '),('1811078','SHEIKH HANY KAMAL','Indian','Student | '),('1811079','DEEPANITA KAKATI','Indian','Student | '),('1811080','PANKAJ SAHU','Indian','Student | '),('1811081','ALURU VENKAT REVANTH','Indian','Student | '),('1811082','ABHISHEK KUMAR NATH','Indian','Student | '),('1811083','KONISI UDAYASRI','Indian','Student | '),('1811084','PRAKHAR MISHRA','Indian','Student | '),('1811085','JAI PRAKASH KUMAR','Indian','Student | '),('1811086','RISHI KESH JHA','Indian','Student | '),('1811087','NAMAN PANERI','Indian','Student | '),('1811088','GASIGANTI DINESH KUMAR','Indian','Student | '),('1811089','NITISH SHARMA','Indian','Student | '),('1811090','PUSPASRI ROY','Indian','Student | '),('1811091','PINNAPUREDDY MANOJ KUMAR REDDY','Indian','Student | '),('1811092','CHANDRA SHEKHAR KUMAR RAM','Indian','Student | '),('1811093','SABNAM SULTANA','Indian','Student | '),('1811094','VASANTULA RAMINAIDU','Indian','Student | '),('1811095','SHIVAM KUMAR','Indian','Student | '),('1811097','RAHUL JOYA','Indian','Student | '),('1811098','NITESH KUMAR RAM','Indian','Student | '),('1811099','SUDHANSHU AWASTHI','Indian','Student | '),('1811100','NILOTPAL SAIKIA','Indian','Student | '),('1811101','ARSH TRIKHA','Indian','Student | '),('1811102','D S S SITA MAHA LAKSHMI PUVVADA','Indian','Student | '),('1811103','SHIVAM','Indian','Student | '),('1811104','CHOKKAPU SURYA PRAKASH','Indian','Student | '),('1811105','ANKIT SRIVASTAVA','Indian','Student | '),('1811106','SANSKRITI MISHRA','Indian','Student | '),('1811107','POTHULA BALAJI','Indian','Student | '),('1811108','KODATI SAI CHARAN','Indian','Student | '),('1811109','MD OMAR AHEMAD SIDDIQI','Indian','Student | '),('1811110','PRACHI SINGH SENGAR','Indian','Student | '),('1811111','RISHYANK SINGH','Indian','Student | '),('1811112','AKSHAY SHUKLA','Indian','Student | '),('1811113','AMITABH KUMAR MISHRA','Indian','Student | '),('1811114','BIHARI BABU','Indian','Student | '),('1811115','INA VASHISHTHA','Indian','Student | '),('1811116','B. JAYANTH SRIHARSHA','Indian','Student | '),('1811117','ROHIT KUMAR','Indian','Student | '),('1811118','KEEHA SHIVAMANI SAI','Indian','Student | '),('1811119','ANAND MISHRA','Indian','Student | '),('1811120','SUBHASH YADAV','Indian','Student | '),('1811121','DURGAM VAMSHIKRISHNA','Indian','Student | '),('1811122','SHOBHIT KUMAR SONI','Indian','Student | '),('1811123','BHAVESH KUMAR','Indian','Student | '),('1811124','RAHUL KUMAR','Indian','Student | '),('1811125','GUDALA DURGA VAMSIKUMAR','Indian','Student | '),('1811126','BAJRANG KUMAR MANDAL','Indian','Student | '),('1812001','BEDANTA KUMAR SAHARIA','Indian','Student | '),('1812002','HIMADREE CHAKRABORTY','Indian','Student | '),('1812003','DEBANJANA PURKAYASTHA','Indian','Student | '),('1812004','ANWESHA CHAKRABARTY','Indian','Student | '),('1812005','KUNAL BASUMATARY','Indian','Student | '),('1812006','DEVAJEET DEVA SARMAH KASHYAP','Indian','Student | '),('1812007','YOUSHITA MEHRA','Indian','Student | '),('1812008','KARNA SARKAR','Indian','Student | '),('1812009','INZAMUM HUSSAIN MAZUMDER','Indian','Student | '),('1812010','GEETAKSHI TELI','Indian','Student | '),('1812011','ROHIT KUMAR PATHAK','Indian','Student | '),('1812012','HIMASMITA DAS','Indian','Student | '),('1812013','PRIYANGSHU GOSWAMI','Indian','Student | '),('1812014','JIGYANSHU YADAV','Indian','Student | '),('1812015','PRASANTA DEKA','Indian','Student | '),('1812016','KRISTIPURNA MALI','Indian','Student | '),('1812017','SUMIT DAS','Indian','Student | '),('1812018','AISHWARYA BURAGOHAIN','Indian','Student | '),('1812019','GANGA BAHADUR CHETRY','Indian','Student | '),('1812020','VIKAS KANNAUJIYA','Indian','Student | '),('1812021','VAMSI BATHINENI','Indian','Student | '),('1812022','PRIYAM BORKAKOTY','Indian','Student | '),('1812023','POOJA CHETRI','Indian','Student | '),('1812024','ANGITA KAR','Indian','Student | '),('1812025','ARIF MAHAMMAD KHAN','Indian','Student | '),('1812026','DEBATPAL TALUKDAR','Indian','Student | '),('1812027','NIHAL SUROLIA','Indian','Student | '),('1812028','SARFARAZ HUSSAIN','Indian','Student | '),('1812029','HRISHAV DEY','Indian','Student | '),('1812030','ARJOIKA PAUL','Indian','Student | '),('1812031','NIRJU LAHKAR','Indian','Student | '),('1812032','VELETI SRI SAI AKHIL','Indian','Student | '),('1812033','PRITAM ROY','Indian','Student | '),('1812034','PARTHIV PROTIM BORAH','Indian','Student | '),('1812035','ADITYA CHATURVEDI','Indian','Student | '),('1812036','DEVJANI DEVI','Indian','Student | '),('1812037','ANUP KUMAR MAHATO','Indian','Student | '),('1812038','TRIRANGA BIKROM BORAH','Indian','Student | '),('1812039','L BISHANTA SINGHA','Indian','Student | '),('1812040','DAISY WARY','Indian','Student | '),('1812041','FARNAZ ALAM AHMED','Indian','Student | '),('1812042','KUNAL SHARMA','Indian','Student | '),('1812043','RAJORSHI NATH','Indian','Student | '),('1812044','SIMANTA DAS','Indian','Student | '),('1812045','ROCKTIM SARMAH','Indian','Student | '),('1812046','SURAJ KUMAR','Indian','Student | '),('1812047','PRANTARAN KASHYAP','Indian','Student | '),('1812048','JYOTIRMOY DEKA','Indian','Student | '),('1812049','ARIJIT PATOWARY','Indian','Student | '),('1812050','ASHAD SHEIKH','Indian','Student | '),('1812051','JAANDEEP BARMAN','Indian','Student | '),('1812052','ROHIT KUMAR BRAHMA','Indian','Student | '),('1812053','NEELOTPAL KASHYAP','Indian','Student | '),('1812054','DHRUBA JYOTI DAS','Indian','Student | '),('1812055','DEEPJYOTI DEKA','Indian','Student | '),('1812056','AATISH KUMAR','Indian','Student | '),('1812057','PRASHIL VILAS WAIRAGADE','Indian','Student | '),('1812058','BODKE SAHIL KIRAN','Indian','Student | '),('1812059','VEGESNA VAMSI','Indian','Student | '),('1812060','CHIRANJIB SONOWAL','Indian','Student | '),('1812061','KISHOR NIROLA','Indian','Student | '),('1812062','BHASKAR JYOTI SAIKIA','Indian','Student | '),('1812063','ANSAAR AHMED KHAN','Indian','Student | '),('1812064','SUNNY','Indian','Student | '),('1812065','SABBAVARAPU.DINESH VENKATA SAI','Indian','Student | '),('1812066','PRAKHAR SRIVASTAVA','Indian','Student | '),('1812067','ANMOL SINGH','Indian','Student | '),('1812068','KETHAVATH NAVYA','Indian','Student | '),('1812069','SAJAD HAQUE','Indian','Student | '),('1812070','BIKASHJYOTI DAS','Indian','Student | '),('1812071','SARTHAK DWIVEDI','Indian','Student | '),('1812072','SAHIL AHMED MAZUMDER','Indian','Student | '),('1812073','SNEH SOURABH','Indian','Student | '),('1812074','GOLLA GIRISH YADAV','Indian','Student | '),('1812075','MAUPRAN SARMAH','Indian','Student | '),('1812076','PRATYUSH KUMAR BORAH','Indian','Student | '),('1812077','TEJESWAR ADABALA','Indian','Student | '),('1812078','VISHWASH SINGH','Indian','Student | '),('1812079','DEVENDRA SAMSUKHA','Indian','Student | '),('1812080','KUNDAN KUMAR KASHYAP','Indian','Student | '),('1812081','BHASKAR JYOTI CHOUDHURY','Indian','Student | '),('1812082','NISHCHAY PRATAP','Indian','Student | '),('1812083','ABINASH MEDHI','Indian','Student | '),('1812084','SIDDHARTH SWASTIK','Indian','Student | '),('1812085','ARVINDER SINGH','Indian','Student | '),('1812086','SHIVOM CHAUBEY','Indian','Student | '),('1812087','HARSH RAJ','Indian','Student | '),('1812088','KUNAL','Indian','Student | '),('1812089','HIMANSHU KUMAR','Indian','Student | '),('1812090','ABHINAV SARMA','Indian','Student | '),('1812091','SHEETAL SAHU','Indian','Student | '),('1812092','NITYA CHANDAK','Indian','Student | '),('1812093','ANIKET KATORE','Indian','Student | '),('1812094','SAJAN NEWAR','Indian','Student | '),('1812095','SUSHIL KUMAR SANWALE','Indian','Student | '),('1812096','NAKSHATRA GUPTA','Indian','Student | '),('1812097','ABHISHEK KUMAR','Indian','Student | '),('1812098','CHANDRAGUPT MAURYA','Indian','Student | '),('1812099','AMAN KUMAR','Indian','Student | '),('1812100','EPURI YOGA NARASIMHA','Indian','Student | '),('1812101','NIKHIL PATIDAR','Indian','Student | '),('1812102','RAHUL PEGU','Indian','Student | '),('1812103','ANKIT OLA','Indian','Student | '),('1812104','PRINCE RAJ GUPTA','Indian','Student | '),('1812105','ANGOTH VAMSHI NAIK','Indian','Student | '),('1812106','SAURABH SINGH','Indian','Student | '),('1812107','ABHIJEET NEOG','Indian','Student | '),('1812108','ANEGONDI SANTOSH KUMAR','Indian','Student | '),('1812109','N.SUDEESHNA','Indian','Student | '),('1812110','PISINI NARENDRA','Indian','Student | '),('1812111','ARVIND KUMAR','Indian','Student | '),('1812112','JATOTH SATHISH','Indian','Student | '),('1812113','KARRI GANESH KUMAR','Indian','Student | '),('1812114','THATIPAMULA NAVEENA','Indian','Student | '),('1812115','KRISHNA MURARI','Indian','Student | '),('1812116','RAM LAKHAN UPADHAYAYA','Indian','Student | '),('1812117','PRIYANKA JHAJHRA','Indian','Student | '),('1812118','DEVANSHU JHA','Indian','Student | '),('1812119','AYUSHI JHA','Indian','Student | '),('1812120','DINESH KUMAR','Indian','Student | '),('1812121','YANDRAPU SANDEEP','Indian','Student | '),('1812122','YOGESH CHAUDHARY','Indian','Student | '),('1812123','PRADEEP MEENA','Indian','Student | '),('1812124','HITESH PANT','Indian','Student | '),('1812125','KOVVASU RAJU','Indian','Student | '),('1812126','AMAN KUMAR MISHRA','Indian','Student | '),('1812127','KAPIL DEV MISHRA','Indian','Student | '),('1812128','NISHANK GOYAL','Indian','Student | '),('1812129','MANDA KRISHNA SAI LAKSHMI GAYATRI','Indian','Student | '),('1813001','JOYDEEP DAS','Indian','Student | '),('1813002','PALLAB PRAN DEKA','Indian','Student | '),('1813003','NIYARJYOTI DAS','Indian','Student | '),('1813004','SUBHADIP ROY','Indian','Student | '),('1813005','RWNGSHAD GIRI BASUMATARY','Indian','Student | '),('1813006','DEBAPRATIM DEKA','Indian','Student | '),('1813007','DHIRU KUMAR TALUKDAR','Indian','Student | '),('1813008','RITURAJ TALUKDAR','Indian','Student | '),('1813009','JAYASHREE MAHANTA','Indian','Student | '),('1813010','NIHAR KHATONIYAR','Indian','Student | '),('1813011','SHUBHAM RAJORA','Indian','Student | '),('1813012','WAJAHAT YUSUF','Indian','Student | '),('1813013','ANKURJIT DAS','Indian','Student | '),('1813014','ARINDAM DAS','Indian','Student | '),('1813015','PUROBI SORONG','Indian','Student | '),('1813016','GULSHAN KUMAR','Indian','Student | '),('1813017','ABHIRUN DAS','Indian','Student | '),('1813018','SUBHANKAR KUMAR CHOUDHURY','Indian','Student | '),('1813019','SURAJ DAS','Indian','Student | '),('1813020','SURYANSHU MAHESHWARI','Indian','Student | '),('1813021','DHEERAJ JHA','Indian','Student | '),('1813022','ABHISHEK DEY','Indian','Student | '),('1813023','NILAM KUMAR KALITA','Indian','Student | '),('1813024','NIKITA SAIKIA','Indian','Student | '),('1813025','AKASH KUMAR','Indian','Student | '),('1813026','PARTHA PRATIM NATH','Indian','Student | '),('1813027','MANASJYOTI BAISHYA','Indian','Student | '),('1813028','SUVRAJEET KUMAR','Indian','Student | '),('1813029','DEBASISH BORAH','Indian','Student | '),('1813030','VIVEK KUMAR','Indian','Student | '),('1813031','ASIS KUMAR ROY','Indian','Student | '),('1813032','RAJDEEP KALITA','Indian','Student | '),('1813033','SOURABH KRISHNA TAW','Indian','Student | '),('1813034','DULUMONI DAS','Indian','Student | '),('1813035','SRIPALI ROY','Indian','Student | '),('1813036','ASHISH KUMAR KAMAL','Indian','Student | '),('1813037','ABHINANDAN DAS','Indian','Student | '),('1813038','ANUJA SHAH','Indian','Student | '),('1813039','ABHIJIT SHIL','Indian','Student | '),('1813040','ABDUL ROUF','Indian','Student | '),('1813041','ARINDAM CHOUDHURY','Indian','Student | '),('1813042','BHUPENDRA KUMAR TANTI','Indian','Student | '),('1813043','SURAJ KUMAR','Indian','Student | '),('1813044','PRASAD SARTHAK KAMTA','Indian','Student | '),('1813045','KABERI KANGKANA MORAN','Indian','Student | '),('1813046','KRISHNA DAS','Indian','Student | '),('1813047','RITURAJ DUARAH','Indian','Student | '),('1813048','VINEET KUMAR CHOUDHURY','Indian','Student | '),('1813049','BIKIRAN SAIKIA','Indian','Student | '),('1813050','SHIVA KANU','Indian','Student | '),('1813051','AKASH HAZARIKA','Indian','Student | '),('1813052','PRITAM RAJ','Indian','Student | '),('1813053','RASMITA DEKA','Indian','Student | '),('1813054','GANGUMALLA VENKATESH','Indian','Student | '),('1813055','SUROJEET SUCHEN','Indian','Student | '),('1813056','RIPJYOTI NATH','Indian','Student | '),('1813057','NIKHIL SONKAR','Indian','Student | '),('1813058','MANOHAR KUMAR CHOUDHARY','Indian','Student | '),('1813059','ALLAM VISWANATH','Indian','Student | '),('1813060','KRISHAN KUMAR MEENA','Indian','Student | '),('1813061','HIMANSHU PRAJAPATI','Indian','Student | '),('1813062','BIJOY GURUNG','Indian','Student | '),('1813063','SUSHANT KUMAR','Indian','Student | '),('1813064','ANKIT KUMAR','Indian','Student | '),('1813065','ZAKIR ALAM','Indian','Student | '),('1813066','UDIPTA GOGOI','Indian','Student | '),('1813067','AJAY SINDOLIA','Indian','Student | '),('1813068','VAIBHAV PAL','Indian','Student | '),('1813069','AFANAN MOHAMMED KHAN','Indian','Student | '),('1813070','SUNMONI GOHAIN.','Indian','Student | '),('1813071','ANSHIKA GUPTA','Indian','Student | '),('1813072','PALAK KEJRIWAL','Indian','Student | '),('1813073','ANINDITA TALUKDAR','Indian','Student | '),('1813074','AYON SEN','Indian','Student | '),('1813075','SUBRAT BORGOHAIN','Indian','Student | '),('1813076','KAZI SAHARIAR RAHI','Indian','Student | '),('1813077','KOLLI YASHWANTH','Indian','Student | '),('1813078','AYUSHMAN SINGH SOLANKI','Indian','Student | '),('1813079','KARTIK KAUSHIK BORAH','Indian','Student | '),('1813080','BOKKA JAI SAI LAKSHMI JAHNAVI','Indian','Student | '),('1813081','SWARUPENDRA NATH CHAKRABORTY','Indian','Student | '),('1813082','NAKKA RAHUL','Indian','Student | '),('1813083','VED PRAKASH BHATT','Indian','Student | '),('1813084','AYUSH ANAND','Indian','Student | '),('1813085','AYUSHI JOHARI','Indian','Student | '),('1813086','KARTIK BAMAL','Indian','Student | '),('1813087','ATUL KUMAR','Indian','Student | '),('1813088','PRIYANK SHARMA','Indian','Student | '),('1813089','SATYENDRA KUMAR TRIVEDI','Indian','Student | '),('1813090','MATHANGI LEKHANA SRI','Indian','Student | '),('1813091','NEETA XAXA','Indian','Student | '),('1813092','AMIT SINGH','Indian','Student | '),('1813093','VISHAKHA SINGH','Indian','Student | '),('1813094','CH VAMSI KRISHNA','Indian','Student | '),('1813095','SHASHANK KUMAR VAISH','Indian','Student | '),('1813096','YARLAGADDA SAHITHI','Indian','Student | '),('1813097','MANOJ KUMAR','Indian','Student | '),('1813098','GURIVELLI SATISH','Indian','Student | '),('1813099','NITISH KUMAR','Indian','Student | '),('1813100','SUROJIT ROY','Indian','Student | '),('1813101','NAMENDRA KUMAR','Indian','Student | '),('1813102','VIKAS MEENA','Indian','Student | '),('1813103','ASHIM DAS','Indian','Student | '),('1813104','SHUBHANKAR PANDIT','Indian','Student | '),('1813105','ABHINANDAN DUTTA','Indian','Student | '),('1813106','AYUSH BINJOLA','Indian','Student | '),('1813107','KUNAL MODI','Indian','Student | '),('1813108','MEKALA MUKHESH CHANDRA','Indian','Student | '),('1813109','PRATEEK JAIN','Indian','Student | '),('1813110','ACHINTYA VEER SINGH','Indian','Student | '),('1813111','KAPIL JAREDA','Indian','Student | '),('1813112','GAURAV KUMAR KOLI','Indian','Student | '),('1813113','CHENNUPATI PAVAN SAI','Indian','Student | '),('1813114','AVINASH KUMAR RAI','Indian','Student | '),('1813115','GAURAV SINGH','Indian','Student | '),('1813116','NISHANT GHOSH','Indian','Student | '),('1813117','CHINTA CHINMAI PRANEETH','Indian','Student | '),('1813118','AYUSHI SHUKLA','Indian','Student | '),('1813119','PINJARI. RAHIL HUSSAIN','Indian','Student | '),('1813120','KAVITI SAIKIRAN','Indian','Student | '),('1813121','ADITYA SINGH SISODIYA','Indian','Student | '),('1813122','BULBUL HUSSAIN ','Indian','Student | '),('1814001','ANUVA BHATTACHARJEE','Indian','Student | '),('1814002','SANDHANI BORUAH','Indian','Student | '),('1814003','KAMAKHYA PRASAD SUT','Indian','Student | '),('1814004','RAHUL KUMAR GUPTA','Indian','Student | '),('1814005','SHAHID AHMED','Indian','Student | '),('1814006','MD. SARWAR AHMED','Indian','Student | '),('1814007','ADITYA KUMAR SINGH','Indian','Student | '),('1814008','SUROJ DEY','Indian','Student | '),('1814009','RUHIT SUTRADHAR','Indian','Student | '),('1814010','SOUMYA SEN','Indian','Student | '),('1814011','BHRIGURAJ BORO','Indian','Student | '),('1814012','KULDIP MISRA','Indian','Student | '),('1814013','SURAJJYOTI NATH','Indian','Student | '),('1814014','FAHAD SAMEER ISLAM','Indian','Student | '),('1814015','ABHISHEK KUMAR JHA','Indian','Student | '),('1814016','NAVIN KUMAR ROY','Indian','Student | '),('1814017','TRISHNA KALITA','Indian','Student | '),('1814018','DEBAJIT BORA','Indian','Student | '),('1814019','MONJITA BARUAH','Indian','Student | '),('1814020','HRISHIKESH BORAH','Indian','Student | '),('1814021','NANDINI AGARWAL','Indian','Student | '),('1814022','MRIGANKA NATH','Indian','Student | '),('1814023','AYAN TALUKDAR','Indian','Student | '),('1814024','SRINJOY DUTTA','Indian','Student | '),('1814025','SUMAN BHOWAL','Indian','Student | '),('1814026','BISHAL DAS','Indian','Student | '),('1814027','AMLAN JYOTI BORAH','Indian','Student | '),('1814028','AYAN PAUL','Indian','Student | '),('1814029','KANGKANA BARUAH','Indian','Student | '),('1814030','RAHUL JAIN','Indian','Student | '),('1814031','PRITAM DAS','Indian','Student | '),('1814032','SNEHAL NAYAN','Indian','Student | '),('1814033','DIPESH ROY CHOUDHURY','Indian','Student | '),('1814034','SUBHRA SANKHA SARMA','Indian','Student | '),('1814035','TONOY BARUAH','Indian','Student | '),('1814036','PAMIDI DINESH','Indian','Student | '),('1814037','ATHUL RAJ','Indian','Student | '),('1814038','SARANGA KINGKOR MAHANTA','Indian','Student | '),('1814039','MANDA SAI KIRAN REDDY','Indian','Student | '),('1814040','PATHIKRIT CHANDA','Indian','Student | '),('1814041','NISHANT SHARMA','Indian','Student | '),('1814042','MONALISA NATH','Indian','Student | '),('1814043','TONMOY BARUAH','Indian','Student | '),('1814044','ADITYA VIKRAM DAS','Indian','Student | '),('1814045','KADARI.SREEJA','Indian','Student | '),('1814046','SUMIT DAIMARI','Indian','Student | '),('1814047','NEHA DAS','Indian','Student | '),('1814048','PRATHIPATI SAI CHARAN','Indian','Student | '),('1814049','RISHIRAJ PAUL CHOWDHURY','Indian','Student | '),('1814050','ARSHITA NARAYAN','Indian','Student | '),('1814051','GOLAM ZOHEB HASSAN','Indian','Student | '),('1814052','PRATIK DAS','Indian','Student | '),('1814053','DIBYAJYOTI PATGIRI','Indian','Student | '),('1814054','PAPANI THRIBHUVAN','Indian','Student | '),('1814055','KAUSHIK SATHISH KUMAR','Indian','Student | '),('1814056','JABED AKHTAR CHOUDHURY','Indian','Student | '),('1814057','GOLLA UDAY SAI THEJA','Indian','Student | '),('1814058','DEBANGA BHUYAN','Indian','Student | '),('1814059','SABUJ SAIKIA','Indian','Student | '),('1814060','POTTA SATWIK','Indian','Student | '),('1814061','YASH KASLIWAL','Indian','Student | '),('1814062','ADITYA RAGHAV','Indian','Student | '),('1814063','AASHWIN MEHROTRA','Indian','Student | '),('1814064','BAGURUPALLI UDAY VIKAS','Indian','Student | '),('1814065','AMAN SINGH','Indian','Student | '),('1814066','NALLAM SAI CHARAN','Indian','Student | '),('1814067','BALABHADRA SRI SATYA SAI VINAY','Indian','Student | '),('1814068','ROSELEEN BORAH','Indian','Student | '),('1814069','MANZIL HOQUE','Indian','Student | '),('1814070','MOTUKOORI SAI MURARI','Indian','Student | '),('1814071','DHIMAN SEAL','Indian','Student | '),('1814072','VIVEK MISHRA','Indian','Student | '),('1814073','PALIVELA SAMPATH KUMAR','Indian','Student | '),('1814074','MEDIKONDA ARAVIND RAMOJI','Indian','Student | '),('1814075','YASH PRATAP SINGH','Indian','Student | '),('1814076','PAVUDALA PRASHANTH REDDY','Indian','Student | '),('1814077','MANNE.SUMANTH','Indian','Student | '),('1814078','ELVIS RAHMAN','Indian','Student | '),('1814079','PRANJAL SHUKLA','Indian','Student | '),('1814080','KOLA PAVAN KUMAR','Indian','Student | '),('1814081','SAYANDEEP ROY','Indian','Student | '),('1814082','SIDDHARTH SRIVASTAV','Indian','Student | '),('1814083','GUDISE SAICHAND','Indian','Student | '),('1814084','SURAMYA DAS','Indian','Student | '),('1814085','ANKAJ KUMAR','Indian','Student | '),('1814086','AGYA PATHAK','Indian','Student | '),('1814087','ATUL KUMAR','Indian','Student | '),('1814088','MARRI SAIRAJ','Indian','Student | '),('1814089','SWRJIMA RANI BORO','Indian','Student | '),('1814090','ANKIT KUMAR DEBNATH','Indian','Student | '),('1814091','SUDEEP SACHIN ORMALIA','Indian','Student | '),('1814092','TANMOY ROY','Indian','Student | '),('1814093','SHRITI MISHRA','Indian','Student | '),('1814094','KUNAL HORO','Indian','Student | '),('1814095','AMRITA MANDAL','Indian','Student | '),('1814096','LOKESH KUMAR','Indian','Student | '),('1814097','UTSAB BISWAS','Indian','Student | '),('1814098','SHANIGARAM PRANAY','Indian','Student | '),('1814099','BUCHIREDDY GARI SAI NATH REDDY','Indian','Student | '),('1814100','BHUPATHI NITHISH','Indian','Student | '),('1814101','DHARAVATH VEERA PRASAD','Indian','Student | '),('1814102','RUTTALA RAJESH KUMAR','Indian','Student | '),('1814103','DIVYANSHU SAXENA','Indian','Student | '),('1814104','ALOK GUPTA','Indian','Student | '),('1814105','NITESH PANDEY','Indian','Student | '),('1814106','JATHAVATH CHANDRA KUMAR','Indian','Student | '),('1814107','VAKALAPUDI CHAITANYA','Indian','Student | '),('1814108','BHARATHI DUSHYANTH','Indian','Student | '),('1814109','KORADA MANIKANTA','Indian','Student | '),('1814110','RAN SHER','Indian','Student | '),('1814111','GURAJALA.MANI BRAHMA','Indian','Student | '),('1814112','TAGARAM SHYAM JHASHUVA','Indian','Student | '),('1814113','KASARAPU RAVI KIRAN','Indian','Student | '),('1814114','NAYAN JYOTI BHUYAN','Indian','Student | '),('1814115','AMIT SINGH','Indian','Student | '),('1814116','SHARMA RAHUL','Indian','Student | '),('1814117','RAM PRUDHVI TEJA','Indian','Student | '),('1814118','AJAY TALUKDAR','Indian','Student | '),('1814119','SAURAV SEMWAL','Indian','Student | '),('1814120','AMBALA SIVA TARUN REDDY','Indian','Student | '),('1814121','ANSHIKA SINGH','Indian','Student | '),('1814122','YELMELA NANDINI','Indian','Student | '),('1814123','ANURAG SARMA','Indian','Student | '),('1814124','VARTIKA VARSHNEY','Indian','Student | '),('1814125','THADISHETTY YUVARAJ SAI','Indian','Student | '),('1814126','DEEPTI EKKA','Indian','Student | '),('1815001','DEBOPRIYO DEBNATH','Indian','Student | '),('1815002','RITURAJ SARKAR','Indian','Student | '),('1815003','MANASH PRATIIM DAS','Indian','Student | '),('1815004','NABANITA BANIA','Indian','Student | '),('1815005','NEELOTPAL CHOUDHURY DAS','Indian','Student | '),('1815006','KONGKAN BORA','Indian','Student | '),('1815007','MITHURAJ DAS','Indian','Student | '),('1815008','SIDDHARTH PAUDWAL','Indian','Student | '),('1815009','SARANGA PANI NATH','Indian','Student | '),('1815010','TANVEER AHMED','Indian','Student | '),('1815011','SOUMYAJIT DEB','Indian','Student | '),('1815012','BISHWARAJ PAUL','Indian','Student | '),('1815013','CHINMOY TALUKDAR','Indian','Student | '),('1815014','MEKA VENKATA RAMANJANEYA ABHINAY','Indian','Student | '),('1815015','BHASKAR JYOTI BORDOLOI','Indian','Student | '),('1815016','TANUJ JYOTI CHUTIA','Indian','Student | '),('1815017','CHANUBALA DEVI','Indian','Student | '),('1815018','DEBOJIT DAS','Indian','Student | '),('1815019','PITHUILIU ID','Indian','Student | '),('1815020','BISHAL ROY','Indian','Student | '),('1815021','YASH SRIVASTAVA','Indian','Student | '),('1815022','TANVEER AHMED MAZARBHUIYA','Indian','Student | '),('1815023','PRANJIT GAUTAM','Indian','Student | '),('1815024','NIRMITA BISWAS','Indian','Student | '),('1815025','MANDITJYOTI BORAH','Indian','Student | '),('1815026','MAYUR RAJ BHARATI','Indian','Student | '),('1815027','AAYUSH JALAN','Indian','Student | '),('1815028','NIHAR JYOTI BAISHYSA','Indian','Student | '),('1815029','MAINAK DEB','Indian','Student | '),('1815030','SWARNAV DAS','Indian','Student | '),('1815031','ANGSHUMAN SARMA','Indian','Student | '),('1815032','ROHIT PAUL','Indian','Student | '),('1815033','CHINMOY JYOTI TALUKDAR','Indian','Student | '),('1815034','AKASH LAHOTY','Indian','Student | '),('1815035','SANDEEP SHAH','Indian','Student | '),('1815036','BABITA SONOWAL','Indian','Student | '),('1815037','PUNYABRAT SAIKIA','Indian','Student | '),('1815038','RONTU BARHOI','Indian','Student | '),('1815039','BICHITRO KEMPRAI','Indian','Student | '),('1815040','SHUVRAJIT DAS','Indian','Student | '),('1815041','ADITYA GUPTA','Indian','Student | '),('1815042','KUNAL RABHA','Indian','Student | '),('1815043','SYED TAFREED NUMAN','Indian','Student | '),('1815044','ABHINAV ROY','Indian','Student | '),('1815045','PRACHURJYA KASHYAP','Indian','Student | '),('1815046','VIVEK MEENA','Indian','Student | '),('1815047','AMIT KUMAR','Indian','Student | '),('1815048','AMINESH KUMAR SINGH','Indian','Student | '),('1815049','BUBUL RAJKHOWA','Indian','Student | '),('1815050','PRAKRUITI RAYCHOUDHURY','Indian','Student | '),('1815051','SAURABH MALLIK','Indian','Student | '),('1815052','MOHIT KUMAR SINGH','Indian','Student | '),('1815053','ABHILEKH NARAYAN DEKA','Indian','Student | '),('1815054','VADDI MANOJ KUMAR','Indian','Student | '),('1815055','DEEPJOY DEY','Indian','Student | '),('1815056','MUSIREDDY RAM SAI HARSHA VARDHAN','Indian','Student | '),('1815057','RAHUL SAH','Indian','Student | '),('1815058','POCHAM UMESH CHANDRA','Indian','Student | '),('1815059','SWAGAT SHUBHAM BHUYAN','Indian','Student | '),('1815060','ANAMITRA SAIKIA','Indian','Student | '),('1815061','ADARSH PRAKASH AGARWAL','Indian','Student | '),('1815062','TUSHAR SINGH','Indian','Student | '),('1815063','DEVI PRASAD UPADHYAY','Indian','Student | '),('1815064','MEDISETTI SRI HARSHA','Indian','Student | '),('1815065','ABHINAV PITLIYA','Indian','Student | '),('1815066','NIKHIL YADAV','Indian','Student | '),('1815067','MANABILI NATH','Indian','Student | '),('1815068','SUDHANSHU KISHAN','Indian','Student | '),('1815069','RITU AGARWALLA','Indian','Student | '),('1815070','MAYANGLAMBAM MONISH SINGH','Indian','Student | '),('1815071','RAMAVTAR PAREEK','Indian','Student | '),('1815072','SAMAY SINGH','Indian','Student | '),('1815073','MAHENDRA VERMA','Indian','Student | '),('1815074','SHARDUL RAJESH PATIL','Indian','Student | '),('1815075','JYOTISMAN BORAH','Indian','Student | '),('1815076','YERNAGULA AKANKSHA','Indian','Student | '),('1815077','UJJAWAL JAIN','Indian','Student | '),('1815078','DIVESH','Indian','Student | '),('1815079','JOYTHISH REDDY EVURI','Indian','Student | '),('1815080','PALEMPATI HARSHA VARDHINI','Indian','Student | '),('1815081','BRANGONG SISEN SINGPHO','Indian','Student | '),('1815082','YASH SARWASWA','Indian','Student | '),('1815083','SAHAJ PRATAP SINGH','Indian','Student | '),('1815084','APIL THAPA','Indian','Student | '),('1815085','ROHIT GOYAL','Indian','Student | '),('1815086','ABHISHEK KUMAR THAKUR','Indian','Student | '),('1815087','AKANGSHA GOSWAMI','Indian','Student | '),('1815088','SAMIKSHA DIGAMBER KULKARNI','Indian','Student | '),('1815089','AASHUTOSH VARSHNEY','Indian','Student | '),('1815090','KM ANSHIKA','Indian','Student | '),('1815091','ABHISHEK KUMAR','Indian','Student | '),('1815092','AYUSHMAN MATHUR','Indian','Student | '),('1815093','VENKATA NATA TEJA KUMAR NERALLA','Indian','Student | '),('1815094','KHUMUKCHAM SONAM DEVI','Indian','Student | '),('1815095','SMRITI SUMAN','Indian','Student | '),('1815096','DHRUV TYAGI','Indian','Student | '),('1815097','SYED MAHABOOB SHARIFF','Indian','Student | '),('1815098','JAKARIA HUSSAIN TAPADAR','Indian','Student | '),('1815099','SONU KUMAR','Indian','Student | '),('1815100','K V N PRANAV','Indian','Student | '),('1815101','RELLA PANDUVARDHAN REDDY','Indian','Student | '),('1815102','KADIYAPU L K C SAMHITH','Indian','Student | '),('1815103','KYATHI PUPPAALA','Indian','Student | '),('1815104','MANISHA BERIYA','Indian','Student | '),('1815105','DHARAVATH NAVEEN','Indian','Student | '),('1815106','SHEIKH SAMIHA ANJUM','Indian','Student | '),('1815107','LOBHAN KUMAR DEWANGAN','Indian','Student | '),('1815108','SWETANK SAHANI','Indian','Student | '),('1815109','PARNE NISHCHAL','Indian','Student | '),('1815110','BILLINGI CHANDRAKIRAN','Indian','Student | '),('1815111','BUKYA HEMANTH NAIK','Indian','Student | '),('1815112','PATI KUSHAL KIRAN CHAND','Indian','Student | '),('1815113','ROHIT RAJ','Indian','Student | '),('1815114','PRATEEK MISHRA','Indian','Student | '),('1815115','SOUJANYO BISWAS','Indian','Student | '),('1815116','YELLETI KRISHNA CHAITANYA','Indian','Student | '),('1815117','NIKHIL KUMAR','Indian','Student | '),('1815118','GIRIJA PRASANNA PRADHAN','Indian','Student | '),('1815119','PASULA NIKHITHA','Indian','Student | '),('1815120','ANAND PATEL','Indian','Student | '),('1815121','ANKIT KUMAR','Indian','Student | '),('1815122','ANUJ PRAJAPATI','Indian','Student | '),('1815123','PADARTHI GAYATHRI ','Indian','Student | '),('1815124','TAUKIR AHMED','Bangladesh','Student | '),('1816001','KRITTIKA GOGOI','Indian','Student | '),('1816002','JONMONI LAHKAR','Indian','Student | '),('1816003','RUPAYAN BHATTACHARJEE','Indian','Student | '),('1816004','KUMARDEEP PAUL','Indian','Student | '),('1816005','SIDDHARTHA BOSE','Indian','Student | '),('1816006','RAJIT DAS','Indian','Student | '),('1816007','AMAN DAS','Indian','Student | '),('1816008','BISWAJIT DEORI','Indian','Student | '),('1816009','BAIBHAB CHAKRABORTY','Indian','Student | '),('1816010','ABHISHEK SHAILESH BAGHELE','Indian','Student | '),('1816011','PRANJAL DAHAL','Indian','Student | '),('1816012','RANI KULI','Indian','Student | '),('1816013','MEHBOOB ALOM LASKAR','Indian','Student | '),('1816014','KIMTIRAJ HANDIQUE','Indian','Student | '),('1816015','UTKARSH TIWARI','Indian','Student | '),('1816016','SHIVAM SAHANI','Indian','Student | '),('1816017','PRERANA DAS','Indian','Student | '),('1816018','RUPAM SAHU','Indian','Student | '),('1816019','DEBRAJ PURKAYASTHA','Indian','Student | '),('1816020','SAURAV KUMAR SUMAN','Indian','Student | '),('1816021','C.NAIKAZ KUMAR','Indian','Student | '),('1816022','MOHIT KUMAR KHARWAR','Indian','Student | '),('1816023','PRATIK SHARMA ROY','Indian','Student | '),('1816024','RUDRAMANI DUBEY','Indian','Student | '),('1816025','TAMANNA FARNAZ HUSSAIN','Indian','Student | '),('1816026','ARJUN RAJEEV WARRIER','Indian','Student | '),('1816027','DHRUVAJYOTI DAS','Indian','Student | '),('1816028','FATIK BISWAS','Indian','Student | '),('1816029','SWAPNIL SAHU','Indian','Student | '),('1816030','PRIYADARSHI PIYUSH','Indian','Student | '),('1816031','BANOTHU DEEPTHI NAIK','Indian','Student | '),('1816032','PRANTIK SARKAR','Indian','Student | '),('1816033','BHAGWAT ASHISH ARVIND','Indian','Student | '),('1816034','AJAY KUMAR','Indian','Student | '),('1816035','RITUPARNA ROY','Indian','Student | '),('1816036','VIKASH PATEL','Indian','Student | '),('1816037','PRANAY NANDAN','Indian','Student | '),('1816038','VUTUKURI BINDU BHARGAVI','Indian','Student | '),('1816039','SHRIHARI MADHUKAR KHETRE','Indian','Student | '),('1816040','VIKASH KUMAR','Indian','Student | '),('1816041','P N SAIVAMSHI','Indian','Student | '),('1816042','PALLI PRAVEEN','Indian','Student | '),('1816043','ANURAKSHI KASHYAP','Indian','Student | '),('1816044','ROUTHU LIKITHA','Indian','Student | '),('1816045','PRANAV NEDUNGHAT','Indian','Student | '),('1816046','SUNARAM KUTUM','Indian','Student | '),('1816047','SAGAR DEKA','Indian','Student | '),('1816048','ARNENDU ROY','Indian','Student | '),('1816049','M ARMIN KUMAR SINGHA','Indian','Student | '),('1816050','MANISH KABRA','Indian','Student | '),('1816051','SAMEER SHRIVASTAVA','Indian','Student | '),('1816052','YUVRAJ KUMAR','Indian','Student | '),('1816053','PARTHA PRATIM GHOSE','Indian','Student | '),('1816054','GAVINI MEKALA.GOPI','Indian','Student | '),('1816055','KAUSTUBH MISHRA','Indian','Student | '),('1816056','BUSSARI NAVEEN','Indian','Student | '),('1816057','SUDHANSHU VIDYARTHI','Indian','Student | '),('1816058','KUNDAN RAJ','Indian','Student | '),('1816059','PRIYA PASWAN','Indian','Student | '),('1816060','GARLAPATI SIDDHARTH','Indian','Student | '),('1816061','CHIVUKULA KAMAKOTI JAGANNATH ','Indian','Student | ');
/*!40000 ALTER TABLE `doctor_studentrecord` ENABLE KEYS */;
UNLOCK TABLES;
/*!40103 SET TIME_ZONE=@OLD_TIME_ZONE */;

/*!40101 SET SQL_MODE=@OLD_SQL_MODE */;
/*!40014 SET FOREIGN_KEY_CHECKS=@OLD_FOREIGN_KEY_CHECKS */;
/*!40014 SET UNIQUE_CHECKS=@OLD_UNIQUE_CHECKS */;
/*!40101 SET CHARACTER_SET_CLIENT=@OLD_CHARACTER_SET_CLIENT */;
/*!40101 SET CHARACTER_SET_RESULTS=@OLD_CHARACTER_SET_RESULTS */;
/*!40101 SET COLLATION_CONNECTION=@OLD_COLLATION_CONNECTION */;
/*!40111 SET SQL_NOTES=@OLD_SQL_NOTES */;

-- Dump completed on 2019-10-22 18:00:37
